<?xml version="1.0" encoding="UTF-8"?> 
<java version="1.6.0_03" class="java.beans.XMLDecoder"> 

<!-- Note that this XML is specific to the neuroConstruct Java cell object model and not any part of the NeuroML framework -->

 <object class="ucl.physiol.neuroconstruct.cell.Cell"> 
  <void property="allSegments"> 
   <void method="add"> 
    <object id="Segment0" class="ucl.physiol.neuroconstruct.cell.Segment"> 
     <void property="endPointPositionX"> 
      <float>0.0</float> 
     </void> 
     <void property="endPointPositionY"> 
      <float>20.0</float> 
     </void> 
     <void property="endPointPositionZ"> 
      <float>0.0</float> 
     </void> 
     <void property="finiteVolume"> 
      <boolean>true</boolean> 
     </void> 
     <void property="radius"> 
      <float>8.0</float> 
     </void> 
     <void property="section"> 
      <object class="ucl.physiol.neuroconstruct.cell.Section"> 
       <void property="groups"> 
        <void method="add"> 
         <string>soma_group</string> 
        </void> 
       </void> 
       <void property="numberInternalDivisions"> 
        <int>3</int> 
       </void> 
       <void property="sectionName"> 
        <string>Soma</string> 
       </void> 
       <void property="startPointPositionX"> 
        <float>0.0</float> 
       </void> 
       <void property="startPointPositionY"> 
        <float>0.0</float> 
       </void> 
       <void property="startPointPositionZ"> 
        <float>0.0</float> 
       </void> 
       <void property="startRadius"> 
        <float>8.0</float> 
       </void> 
      </object> 
     </void> 
     <void property="segmentId"> 
      <int>0</int> 
     </void> 
     <void property="segmentName"> 
      <string>Soma</string> 
     </void> 
    </object> 
   </void> 
   <void method="add"> 
    <object id="Segment1" class="ucl.physiol.neuroconstruct.cell.Segment"> 
     <void property="endPointPositionX"> 
      <float>0.0</float> 
     </void> 
     <void property="endPointPositionY"> 
      <float>40.0</float> 
     </void> 
     <void property="endPointPositionZ"> 
      <float>0.0</float> 
     </void> 
     <void property="parentSegment"> 
      <object idref="Segment0"/> 
     </void> 
     <void property="radius"> 
      <float>8.0</float> 
     </void> 
     <void property="section"> 
      <object class="ucl.physiol.neuroconstruct.cell.Section"> 
       <void property="groups"> 
        <void method="add"> 
         <string>dendrite_group</string> 
        </void> 
       </void> 
       <void property="numberInternalDivisions"> 
        <int>3</int> 
       </void> 
       <void property="sectionName"> 
        <string>Section_1</string> 
       </void> 
       <void property="startPointPositionX"> 
        <float>0.0</float> 
       </void> 
       <void property="startPointPositionY"> 
        <float>20.0</float> 
       </void> 
       <void property="startPointPositionZ"> 
        <float>0.0</float> 
       </void> 
       <void property="startRadius"> 
        <float>8.0</float> 
       </void> 
      </object> 
     </void> 
     <void property="segmentId"> 
      <int>1</int> 
     </void> 
     <void property="segmentName"> 
      <string>Segment_1</string> 
     </void> 
    </object> 
   </void> 
   <void method="add"> 
    <object id="Segment2" class="ucl.physiol.neuroconstruct.cell.Segment"> 
     <void property="endPointPositionX"> 
      <float>0.0</float> 
     </void> 
     <void property="endPointPositionY"> 
      <float>60.0</float> 
     </void> 
     <void property="endPointPositionZ"> 
      <float>0.0</float> 
     </void> 
     <void property="parentSegment"> 
      <object idref="Segment1"/> 
     </void> 
     <void property="radius"> 
      <float>8.0</float> 
     </void> 
     <void property="section"> 
      <object class="ucl.physiol.neuroconstruct.cell.Section"> 
       <void property="groups"> 
        <void method="add"> 
         <string>dendrite_group</string> 
        </void> 
       </void> 
       <void property="numberInternalDivisions"> 
        <int>3</int> 
       </void> 
       <void property="sectionName"> 
        <string>Section_2</string> 
       </void> 
       <void property="startPointPositionX"> 
        <float>0.0</float> 
       </void> 
       <void property="startPointPositionY"> 
        <float>40.0</float> 
       </void> 
       <void property="startPointPositionZ"> 
        <float>0.0</float> 
       </void> 
       <void property="startRadius"> 
        <float>8.0</float> 
       </void> 
      </object> 
     </void> 
     <void property="segmentId"> 
      <int>2</int> 
     </void> 
     <void property="segmentName"> 
      <string>Segment_2</string> 
     </void> 
    </object> 
   </void> 
   <void method="add"> 
    <object id="Segment3" class="ucl.physiol.neuroconstruct.cell.Segment"> 
     <void property="endPointPositionX"> 
      <float>0.0</float> 
     </void> 
     <void property="endPointPositionY"> 
      <float>80.0</float> 
     </void> 
     <void property="endPointPositionZ"> 
      <float>0.0</float> 
     </void> 
     <void property="parentSegment"> 
      <object idref="Segment2"/> 
     </void> 
     <void property="radius"> 
      <float>8.0</float> 
     </void> 
     <void property="section"> 
      <object class="ucl.physiol.neuroconstruct.cell.Section"> 
       <void property="groups"> 
        <void method="add"> 
         <string>dendrite_group</string> 
        </void> 
       </void> 
       <void property="sectionName"> 
        <string>Section_3</string> 
       </void> 
       <void property="startPointPositionX"> 
        <float>0.0</float> 
       </void> 
       <void property="startPointPositionY"> 
        <float>60.0</float> 
       </void> 
       <void property="startPointPositionZ"> 
        <float>0.0</float> 
       </void> 
       <void property="startRadius"> 
        <float>8.0</float> 
       </void> 
      </object> 
     </void> 
     <void property="segmentId"> 
      <int>3</int> 
     </void> 
     <void property="segmentName"> 
      <string>Segment_3</string> 
     </void> 
    </object> 
   </void> 
   <void method="add"> 
    <object id="Segment4" class="ucl.physiol.neuroconstruct.cell.Segment"> 
     <void property="endPointPositionX"> 
      <float>0.0</float> 
     </void> 
     <void property="endPointPositionY"> 
      <float>100.0</float> 
     </void> 
     <void property="endPointPositionZ"> 
      <float>0.0</float> 
     </void> 
     <void property="parentSegment"> 
      <object idref="Segment3"/> 
     </void> 
     <void property="radius"> 
      <float>8.0</float> 
     </void> 
     <void property="section"> 
      <object class="ucl.physiol.neuroconstruct.cell.Section"> 
       <void property="groups"> 
        <void method="add"> 
         <string>dendrite_group</string> 
        </void> 
       </void> 
       <void property="numberInternalDivisions"> 
        <int>3</int> 
       </void> 
       <void property="sectionName"> 
        <string>Section_4</string> 
       </void> 
       <void property="startPointPositionX"> 
        <float>0.0</float> 
       </void> 
       <void property="startPointPositionY"> 
        <float>80.0</float> 
       </void> 
       <void property="startPointPositionZ"> 
        <float>0.0</float> 
       </void> 
       <void property="startRadius"> 
        <float>8.0</float> 
       </void> 
      </object> 
     </void> 
     <void property="segmentId"> 
      <int>4</int> 
     </void> 
     <void property="segmentName"> 
      <string>Segment_4</string> 
     </void> 
    </object> 
   </void> 
   <void method="add"> 
    <object class="ucl.physiol.neuroconstruct.cell.Segment"> 
     <void property="endPointPositionX"> 
      <float>0.0</float> 
     </void> 
     <void property="endPointPositionY"> 
      <float>120.0</float> 
     </void> 
     <void property="endPointPositionZ"> 
      <float>0.0</float> 
     </void> 
     <void property="parentSegment"> 
      <object idref="Segment4"/> 
     </void> 
     <void property="radius"> 
      <float>8.0</float> 
     </void> 
     <void property="section"> 
      <object class="ucl.physiol.neuroconstruct.cell.Section"> 
       <void property="groups"> 
        <void method="add"> 
         <string>dendrite_group</string> 
        </void> 
       </void> 
       <void property="numberInternalDivisions"> 
        <int>3</int> 
       </void> 
       <void property="sectionName"> 
        <string>Section_5</string> 
       </void> 
       <void property="startPointPositionX"> 
        <float>0.0</float> 
       </void> 
       <void property="startPointPositionY"> 
        <float>100.0</float> 
       </void> 
       <void property="startPointPositionZ"> 
        <float>0.0</float> 
       </void> 
       <void property="startRadius"> 
        <float>8.0</float> 
       </void> 
      </object> 
     </void> 
     <void property="segmentId"> 
      <int>5</int> 
     </void> 
     <void property="segmentName"> 
      <string>Segment_5</string> 
     </void> 
    </object> 
   </void> 
  </void> 
  <void property="cellDescription"> 
   <string>A Simple cell for testing purposes</string> 
  </void> 
  <void property="chanMechsVsGroups"> 
   <void method="put"> 
    <object class="ucl.physiol.neuroconstruct.cell.ChannelMechanism"> 
     <void property="density"> 
      <float>3.6E-7</float> 
     </void> 
     <void property="name"> 
      <string>KConductance</string> 
     </void> 
    </object> 
    <object class="java.util.Vector"> 
     <void method="add"> 
      <string>all</string> 
     </void> 
    </object> 
   </void> 
   <void method="put"> 
    <object class="ucl.physiol.neuroconstruct.cell.ChannelMechanism"> 
     <void property="density"> 
      <float>3.0E-9</float> 
     </void> 
     <void property="name"> 
      <string>LeakConductance</string> 
     </void> 
    </object> 
    <object class="java.util.Vector"> 
     <void method="add"> 
      <string>all</string> 
     </void> 
    </object> 
   </void> 
   <void method="put"> 
    <object class="ucl.physiol.neuroconstruct.cell.ChannelMechanism"> 
     <void property="density"> 
      <float>1.2E-6</float> 
     </void> 
     <void property="name"> 
      <string>NaConductance</string> 
     </void> 
    </object> 
    <object class="java.util.Vector"> 
     <void method="add"> 
      <string>all</string> 
     </void> 
    </object> 
   </void> 
  </void> 
  <void property="instanceName"> 
   <string>MultiCell</string> 
  </void> 
  <void property="specAxResVsGroups"> 
   <void method="remove"> 
    <float>300.0</float> 
   </void> 
   <void method="put"> 
    <float>3000.0</float> 
    <object class="java.util.Vector"> 
     <void method="add"> 
      <string>all</string> 
     </void> 
    </object> 
   </void> 
  </void> 
 </object> 
</java> 
