<?xml version="1.0" encoding="UTF-8"?> 
<java version="1.6.0_03" class="java.beans.XMLDecoder"> 

<!-- Note that this XML is specific to the neuroConstruct Java cell object model and not any part of the NeuroML framework -->

 <object class="ucl.physiol.neuroconstruct.cell.Cell"> 
  <void property="allSegments"> 
   <void method="add"> 
    <object id="Segment0" class="ucl.physiol.neuroconstruct.cell.Segment"> 
     <void property="endPointPositionX"> 
      <float>0.0</float> 
     </void> 
     <void property="endPointPositionY"> 
      <float>10.0</float> 
     </void> 
     <void property="endPointPositionZ"> 
      <float>0.0</float> 
     </void> 
     <void property="finiteVolume"> 
      <boolean>true</boolean> 
     </void> 
     <void property="radius"> 
      <float>8.0</float> 
     </void> 
     <void property="section"> 
      <object class="ucl.physiol.neuroconstruct.cell.Section"> 
       <void property="groups"> 
        <void method="add"> 
         <string>soma_group</string> 
        </void> 
       </void> 
       <void property="sectionName"> 
        <string>Soma</string> 
       </void> 
       <void property="startPointPositionX"> 
        <float>0.0</float> 
       </void> 
       <void property="startPointPositionY"> 
        <float>0.0</float> 
       </void> 
       <void property="startPointPositionZ"> 
        <float>0.0</float> 
       </void> 
       <void property="startRadius"> 
        <float>8.0</float> 
       </void> 
      </object> 
     </void> 
     <void property="segmentId"> 
      <int>0</int> 
     </void> 
     <void property="segmentName"> 
      <string>Soma</string> 
     </void> 
    </object> 
   </void> 
   <void method="add"> 
    <object id="Segment1" class="ucl.physiol.neuroconstruct.cell.Segment"> 
     <void property="endPointPositionX"> 
      <float>20.0</float> 
     </void> 
     <void property="endPointPositionY"> 
      <float>10.0</float> 
     </void> 
     <void property="endPointPositionZ"> 
      <float>0.0</float> 
     </void> 
     <void property="parentSegment"> 
      <object idref="Segment0"/> 
     </void> 
     <void property="radius"> 
      <float>1.0</float> 
     </void> 
     <void property="section"> 
      <object class="ucl.physiol.neuroconstruct.cell.Section"> 
       <void property="groups"> 
        <void method="add"> 
         <string>dendrite_group</string> 
        </void> 
       </void> 
       <void property="sectionName"> 
        <string>mainDendSec</string> 
       </void> 
       <void property="startPointPositionX"> 
        <float>0.0</float> 
       </void> 
       <void property="startPointPositionY"> 
        <float>10.0</float> 
       </void> 
       <void property="startPointPositionZ"> 
        <float>0.0</float> 
       </void> 
       <void property="startRadius"> 
        <float>1.0</float> 
       </void> 
      </object> 
     </void> 
     <void property="segmentId"> 
      <int>1</int> 
     </void> 
     <void property="segmentName"> 
      <string>mainDend</string> 
     </void> 
    </object> 
   </void> 
   <void method="add"> 
    <object id="Segment2" class="ucl.physiol.neuroconstruct.cell.Segment"> 
     <void property="endPointPositionX"> 
      <float>40.0</float> 
     </void> 
     <void property="endPointPositionY"> 
      <float>25.0</float> 
     </void> 
     <void property="endPointPositionZ"> 
      <float>0.0</float> 
     </void> 
     <void property="parentSegment"> 
      <object idref="Segment1"/> 
     </void> 
     <void property="radius"> 
      <float>1.0</float> 
     </void> 
     <void property="section"> 
      <object class="ucl.physiol.neuroconstruct.cell.Section"> 
       <void property="groups"> 
        <void method="add"> 
         <string>dendrite_group</string> 
        </void> 
       </void> 
       <void property="sectionName"> 
        <string>subDendSec1</string> 
       </void> 
       <void property="startPointPositionX"> 
        <float>20.0</float> 
       </void> 
       <void property="startPointPositionY"> 
        <float>10.0</float> 
       </void> 
       <void property="startPointPositionZ"> 
        <float>0.0</float> 
       </void> 
       <void property="startRadius"> 
        <float>1.0</float> 
       </void> 
      </object> 
     </void> 
     <void property="segmentId"> 
      <int>2</int> 
     </void> 
     <void property="segmentName"> 
      <string>subDend1</string> 
     </void> 
    </object> 
   </void> 
   <void method="add"> 
    <object class="ucl.physiol.neuroconstruct.cell.Segment"> 
     <void property="endPointPositionX"> 
      <float>45.0</float> 
     </void> 
     <void property="endPointPositionY"> 
      <float>10.0</float> 
     </void> 
     <void property="endPointPositionZ"> 
      <float>0.0</float> 
     </void> 
     <void property="parentSegment"> 
      <object idref="Segment1"/> 
     </void> 
     <void property="radius"> 
      <float>1.0</float> 
     </void> 
     <void property="section"> 
      <object class="ucl.physiol.neuroconstruct.cell.Section"> 
       <void property="groups"> 
        <void method="add"> 
         <string>dendrite_group</string> 
        </void> 
       </void> 
       <void property="sectionName"> 
        <string>subDendSec2</string> 
       </void> 
       <void property="startPointPositionX"> 
        <float>20.0</float> 
       </void> 
       <void property="startPointPositionY"> 
        <float>10.0</float> 
       </void> 
       <void property="startPointPositionZ"> 
        <float>0.0</float> 
       </void> 
       <void property="startRadius"> 
        <float>1.0</float> 
       </void> 
      </object> 
     </void> 
     <void property="segmentId"> 
      <int>3</int> 
     </void> 
     <void property="segmentName"> 
      <string>subDend2</string> 
     </void> 
    </object> 
   </void> 
   <void method="add"> 
    <object class="ucl.physiol.neuroconstruct.cell.Segment"> 
     <void property="endPointPositionX"> 
      <float>40.0</float> 
     </void> 
     <void property="endPointPositionY"> 
      <float>-5.0</float> 
     </void> 
     <void property="endPointPositionZ"> 
      <float>0.0</float> 
     </void> 
     <void property="parentSegment"> 
      <object idref="Segment1"/> 
     </void> 
     <void property="radius"> 
      <float>1.0</float> 
     </void> 
     <void property="section"> 
      <object class="ucl.physiol.neuroconstruct.cell.Section"> 
       <void property="groups"> 
        <void method="add"> 
         <string>dendrite_group</string> 
        </void> 
       </void> 
       <void property="sectionName"> 
        <string>subDendSec3</string> 
       </void> 
       <void property="startPointPositionX"> 
        <float>20.0</float> 
       </void> 
       <void property="startPointPositionY"> 
        <float>10.0</float> 
       </void> 
       <void property="startPointPositionZ"> 
        <float>0.0</float> 
       </void> 
       <void property="startRadius"> 
        <float>1.0</float> 
       </void> 
      </object> 
     </void> 
     <void property="segmentId"> 
      <int>4</int> 
     </void> 
     <void property="segmentName"> 
      <string>subDend3</string> 
     </void> 
    </object> 
   </void> 
   <void method="add"> 
    <object class="ucl.physiol.neuroconstruct.cell.Segment"> 
     <void property="endPointPositionX"> 
      <float>60.0</float> 
     </void> 
     <void property="endPointPositionY"> 
      <float>40.0</float> 
     </void> 
     <void property="endPointPositionZ"> 
      <float>0.0</float> 
     </void> 
     <void property="parentSegment"> 
      <object idref="Segment2"/> 
     </void> 
     <void property="radius"> 
      <float>3.0</float> 
     </void> 
     <void property="section"> 
      <object class="ucl.physiol.neuroconstruct.cell.Section"> 
       <void property="groups"> 
        <void method="add"> 
         <string>dendrite_group</string> 
        </void> 
       </void> 
       <void property="sectionName"> 
        <string>Section_6</string> 
       </void> 
       <void property="startPointPositionX"> 
        <float>40.0</float> 
       </void> 
       <void property="startPointPositionY"> 
        <float>25.0</float> 
       </void> 
       <void property="startPointPositionZ"> 
        <float>0.0</float> 
       </void> 
       <void property="startRadius"> 
        <float>1.0</float> 
       </void> 
      </object> 
     </void> 
     <void property="segmentId"> 
      <int>6</int> 
     </void> 
     <void property="segmentName"> 
      <string>Segment_6</string> 
     </void> 
    </object> 
   </void> 
  </void> 
  <void property="cellDescription"> 
   <string>A Simple cell for testing purposes</string> 
  </void> 
  <void property="chanMechsVsGroups"> 
   <void method="put"> 
    <object class="ucl.physiol.neuroconstruct.cell.ChannelMechanism"> 
     <void property="density"> 
      <float>3.0E-9</float> 
     </void> 
     <void property="name"> 
      <string>LeakConductance</string> 
     </void> 
    </object> 
    <object class="java.util.Vector"> 
     <void method="add"> 
      <string>all</string> 
     </void> 
    </object> 
   </void> 
  </void> 
  <void property="instanceName"> 
   <string>SimplerCell</string> 
  </void> 
 </object> 
</java> 
