<?xml version="1.0" encoding="UTF-8"?>
<java version="1.6.0_0" class="java.beans.XMLDecoder">

<!-- Note that this XML is specific to the neuroConstruct Java cell object model and not any part of the NeuroML framework -->

 <object class="ucl.physiol.neuroconstruct.cell.examples.OneSegment">
  <void property="allSegments">
   <void method="add">
    <object class="ucl.physiol.neuroconstruct.cell.Segment">
     <void property="endPointPositionX">
      <float>0.0</float>
     </void>
     <void property="endPointPositionY">
      <float>0.0</float>
     </void>
     <void property="endPointPositionZ">
      <float>0.0</float>
     </void>
     <void property="finiteVolume">
      <boolean>true</boolean>
     </void>
     <void property="radius">
      <float>10.0</float>
     </void>
     <void property="section">
      <object class="ucl.physiol.neuroconstruct.cell.Section">
       <void property="groups">
        <void method="add">
         <string>soma_group</string>
        </void>
       </void>
       <void property="sectionName">
        <string>Soma</string>
       </void>
       <void property="startPointPositionX">
        <float>0.0</float>
       </void>
       <void property="startPointPositionY">
        <float>0.0</float>
       </void>
       <void property="startPointPositionZ">
        <float>0.0</float>
       </void>
       <void property="startRadius">
        <float>10.0</float>
       </void>
      </object>
     </void>
     <void property="segmentId">
      <int>0</int>
     </void>
     <void property="segmentName">
      <string>Soma</string>
     </void>
    </object>
   </void>
  </void>
  <void property="cellDescription">
   <string>A single segment/compartment cell</string>
  </void>
  <void property="chanMechsVsGroups">
   <void method="put">
    <object class="ucl.physiol.neuroconstruct.cell.ChannelMechanism">
     <void property="density">
      <float>1.2E-6</float>
     </void>
     <void property="name">
      <string>NaConductance</string>
     </void>
    </object>
    <object class="java.util.Vector">
     <void method="add">
      <string>all</string>
     </void>
    </object>
   </void>
   <void method="put">
    <object class="ucl.physiol.neuroconstruct.cell.ChannelMechanism">
     <void property="density">
      <float>3.0E-9</float>
     </void>
     <void property="name">
      <string>LeakConductance</string>
     </void>
    </object>
    <object class="java.util.Vector">
     <void method="add">
      <string>all</string>
     </void>
    </object>
   </void>
   <void method="put">
    <object class="ucl.physiol.neuroconstruct.cell.ChannelMechanism">
     <void property="density">
      <float>3.6E-7</float>
     </void>
     <void property="name">
      <string>KConductance</string>
     </void>
    </object>
    <object class="java.util.Vector">
     <void method="add">
      <string>all</string>
     </void>
    </object>
   </void>
  </void>
  <void property="initialPotential">
   <void property="fixedNum">
    <float>-70.0</float>
   </void>
   <void property="max">
    <float>-40.0</float>
   </void>
   <void property="min">
    <float>-90.0</float>
   </void>
  </void>
  <void property="instanceName">
   <string>OneSeg</string>
  </void>
  <void property="synapsesVsGroups">
   <void method="put">
    <string>GapJuncCML</string>
    <object class="java.util.Vector">
     <void method="add">
      <string>all</string>
     </void>
    </object>
   </void>
   <void method="put">
    <string>DoubExpSyn</string>
    <object class="java.util.Vector">
     <void method="add">
      <string>all</string>
     </void>
    </object>
   </void>
  </void>
 </object>
</java>
