<?xml version="1.0" encoding="UTF-8"?>
<channelml xmlns="http://morphml.org/channelml/schema" xmlns:xsi="http://www.w3.org/2001/XMLSchema-instance" xmlns:meta="http://morphml.org/metadata/schema" xsi:schemaLocation="http://morphml.org/channelml/schema  ../../Schemata/v1.7.3/Level2/ChannelML_v1.7.3.xsd" units="Physiological Units">

    <meta:notes>ChannelML file containing a single Channel description</meta:notes>


    <channel_type name="NaConductance" density="yes">
        
        <status value="stable">
            <meta:comment>Equations adapted from paper for modern convention of external potential being zero</meta:comment>
            <meta:contributor>
                <meta:name>Padraig Gleeson</meta:name>
            </meta:contributor>
        </status>


        <meta:notes>Simple example of Na conductance in squid giant axon. Based on channel from Hodgkin and Huxley 1952</meta:notes>
        
        <current_voltage_relation cond_law="ohmic" ion="na" default_erev="50" default_gmax="120">
            
            <gate name="m" instances="3">
                <closed_state id="m0"/>
                <open_state   id="m"/>

                <transition name="alpha" from="m0" to="m" expr_form="exp_linear"  
                            rate="1" scale="10"  midpoint="-40"/>  
                <transition name="beta"  from="m" to="m0" expr_form="exponential"
                            rate="4" scale="-18" midpoint="-65"/>  
            </gate>
            
            <gate name="h" instances="1">
                <closed_state id="h0"/>
                <open_state   id="h"/>

                <transition name="alpha" from="h0" to="h" expr_form="exponential"
                            rate="0.07" scale="-20" midpoint="-65"/>  
                <transition name="beta"  from="h" to="h0" expr_form="sigmoid"    
                            rate="1" scale="-10" midpoint="-35"/>    
            </gate>
            
        </current_voltage_relation>
        
        
    </channel_type>
</channelml>
