<?xml version="1.0" encoding="UTF-8"?>
<neuroml xmlns="http://morphml.org/neuroml/schema" xmlns:meta="http://morphml.org/metadata/schema" xmlns:mml="http://morphml.org/morphml/schema" xmlns:bio="http://morphml.org/biophysics/schema" xmlns:cml="http://morphml.org/channelml/schema" xmlns:net="http://morphml.org/networkml/schema" xmlns:xsi="http://www.w3.org/2001/XMLSchema-instance" xsi:schemaLocation="http://morphml.org/neuroml/schema  http://www.neuroml.org/NeuroMLValidator/NeuroMLFiles/Schemata/v1.8.1/Level3/NeuroML_Level3_v1.8.1.xsd" lengthUnits="micron">

    <cells>
        <cell name="GolgiCell">

            <meta:notes>A very simplified cerebellar Golgi like Cell for testing purposes only</meta:notes>

            <mml:segments>

                <mml:segment id="0" name="Soma" cable="0">
                    <mml:proximal x="0.0" y="0.0" z="0.0" diameter="30.0"/>
                    <mml:distal x="0.0" y="0.0" z="0.0" diameter="30.0"/>
                </mml:segment>

                <mml:segment id="1" name="root" parent="0" cable="1">
                    <mml:proximal x="0.0" y="0.0" z="0.0" diameter="1.0"/>
                    <mml:distal x="0.0" y="-15.0" z="0.0" diameter="1.0"/>
                </mml:segment>

                <mml:segment id="2" name="Axon_1" parent="1" cable="2">
                    <mml:proximal x="0.0" y="-15.0" z="0.0" diameter="1.0"/>
                    <mml:distal x="-30.0" y="-35.0" z="-30.0" diameter="1.0"/>
                </mml:segment>

                <mml:segment id="3" name="Axon_2" parent="1" cable="3">
                    <mml:proximal x="0.0" y="-15.0" z="0.0" diameter="1.0"/>
                    <mml:distal x="-30.0" y="-35.0" z="30.0" diameter="1.0"/>
                </mml:segment>

                <mml:segment id="4" name="Axon_3" parent="1" cable="4">
                    <mml:proximal x="0.0" y="-15.0" z="0.0" diameter="1.0"/>
                    <mml:distal x="30.0" y="-35.0" z="30.0" diameter="1.0"/>
                </mml:segment>

                <mml:segment id="5" name="Axon_4" parent="1" cable="5">
                    <mml:proximal x="0.0" y="-15.0" z="0.0" diameter="1.0"/>
                    <mml:distal x="30.0" y="-35.0" z="-30.0" diameter="1.0"/>
                </mml:segment>

                <mml:segment id="6" name="Axon_5" parent="2" cable="6">
                    <mml:proximal x="-30.0" y="-35.0" z="-30.0" diameter="1.0"/>
                    <mml:distal x="-36.0" y="-39.0" z="-36.0" diameter="1.0"/>
                </mml:segment>

                <mml:segment id="7" name="Axon_6" parent="2" cable="7">
                    <mml:proximal x="-30.0" y="-35.0" z="-30.0" diameter="1.0"/>
                    <mml:distal x="-24.0" y="-39.0" z="-36.0" diameter="1.0"/>
                </mml:segment>

                <mml:segment id="8" name="Axon_7" parent="2" cable="8">
                    <mml:proximal x="-30.0" y="-35.0" z="-30.0" diameter="1.0"/>
                    <mml:distal x="-36.0" y="-39.0" z="-24.0" diameter="1.0"/>
                </mml:segment>

                <mml:segment id="9" name="Axon_8" parent="2" cable="9">
                    <mml:proximal x="-30.0" y="-35.0" z="-30.0" diameter="1.0"/>
                    <mml:distal x="-24.0" y="-39.0" z="-24.0" diameter="1.0"/>
                </mml:segment>

                <mml:segment id="10" name="Axon_9" parent="3" cable="10">
                    <mml:proximal x="-30.0" y="-35.0" z="30.0" diameter="1.0"/>
                    <mml:distal x="-36.0" y="-39.0" z="24.0" diameter="1.0"/>
                </mml:segment>

                <mml:segment id="11" name="Axon_10" parent="3" cable="11">
                    <mml:proximal x="-30.0" y="-35.0" z="30.0" diameter="1.0"/>
                    <mml:distal x="-24.0" y="-39.0" z="24.0" diameter="1.0"/>
                </mml:segment>

                <mml:segment id="12" name="Axon_11" parent="3" cable="12">
                    <mml:proximal x="-30.0" y="-35.0" z="30.0" diameter="1.0"/>
                    <mml:distal x="-36.0" y="-39.0" z="36.0" diameter="1.0"/>
                </mml:segment>

                <mml:segment id="13" name="Axon_12" parent="3" cable="13">
                    <mml:proximal x="-30.0" y="-35.0" z="30.0" diameter="1.0"/>
                    <mml:distal x="-24.0" y="-39.0" z="36.0" diameter="1.0"/>
                </mml:segment>

                <mml:segment id="14" name="Axon_13" parent="4" cable="14">
                    <mml:proximal x="30.0" y="-35.0" z="30.0" diameter="1.0"/>
                    <mml:distal x="24.0" y="-39.0" z="24.0" diameter="1.0"/>
                </mml:segment>

                <mml:segment id="15" name="Axon_14" parent="4" cable="15">
                    <mml:proximal x="30.0" y="-35.0" z="30.0" diameter="1.0"/>
                    <mml:distal x="36.0" y="-39.0" z="24.0" diameter="1.0"/>
                </mml:segment>

                <mml:segment id="16" name="Axon_15" parent="4" cable="16">
                    <mml:proximal x="30.0" y="-35.0" z="30.0" diameter="1.0"/>
                    <mml:distal x="24.0" y="-39.0" z="36.0" diameter="1.0"/>
                </mml:segment>

                <mml:segment id="17" name="Axon_16" parent="4" cable="17">
                    <mml:proximal x="30.0" y="-35.0" z="30.0" diameter="1.0"/>
                    <mml:distal x="36.0" y="-39.0" z="36.0" diameter="1.0"/>
                </mml:segment>

                <mml:segment id="18" name="Axon_17" parent="5" cable="18">
                    <mml:proximal x="30.0" y="-35.0" z="-30.0" diameter="1.0"/>
                    <mml:distal x="24.0" y="-39.0" z="-36.0" diameter="1.0"/>
                </mml:segment>

                <mml:segment id="19" name="Axon_18" parent="5" cable="19">
                    <mml:proximal x="30.0" y="-35.0" z="-30.0" diameter="1.0"/>
                    <mml:distal x="36.0" y="-39.0" z="-36.0" diameter="1.0"/>
                </mml:segment>

                <mml:segment id="20" name="Axon_19" parent="5" cable="20">
                    <mml:proximal x="30.0" y="-35.0" z="-30.0" diameter="1.0"/>
                    <mml:distal x="24.0" y="-39.0" z="-24.0" diameter="1.0"/>
                </mml:segment>

                <mml:segment id="21" name="Axon_20" parent="5" cable="21">
                    <mml:proximal x="30.0" y="-35.0" z="-30.0" diameter="1.0"/>
                    <mml:distal x="36.0" y="-39.0" z="-24.0" diameter="1.0"/>
                </mml:segment>

                <mml:segment id="22" name="radialDend_0" parent="0" cable="22">
                    <mml:proximal x="0.0" y="0.0" z="0.0" diameter="4.0"/>
                    <mml:distal x="0.0" y="60.0" z="60.0" diameter="4.0"/>
                </mml:segment>

                <mml:segment id="23" name="Dend_1" parent="22" cable="23">
                    <mml:proximal x="0.0" y="60.0" z="60.0" diameter="4.0"/>
                    <mml:distal x="0.0" y="100.0" z="90.0" diameter="2.4"/>
                </mml:segment>

                <mml:segment id="24" name="Dend_2" parent="23" cable="24">
                    <mml:proximal x="0.0" y="100.0" z="90.0" diameter="2.4"/>
                    <mml:distal x="0.0" y="130.0" z="90.0" diameter="1.44"/>
                </mml:segment>

                <mml:segment id="25" name="Dend_3" parent="22" cable="25">
                    <mml:proximal x="0.0" y="60.0" z="60.0" diameter="4.0"/>
                    <mml:distal x="0.0" y="90.0" z="50.0" diameter="2.4"/>
                </mml:segment>

                <mml:segment id="26" name="Dend_4" parent="25" cable="26">
                    <mml:proximal x="0.0" y="90.0" z="50.0" diameter="2.4"/>
                    <mml:distal x="0.0" y="115.0" z="50.0" diameter="1.44"/>
                </mml:segment>

                <mml:segment id="27" name="radialDend_1" parent="0" cable="27">
                    <mml:proximal x="0.0" y="0.0" z="0.0" diameter="4.0"/>
                    <mml:distal x="51.961525" y="60.0" z="30.0" diameter="4.0"/>
                </mml:segment>

                <mml:segment id="28" name="Dend_6" parent="27" cable="28">
                    <mml:proximal x="51.961525" y="60.0" z="30.0" diameter="4.0"/>
                    <mml:distal x="77.94229" y="100.0" z="45.0" diameter="2.4"/>
                </mml:segment>

                <mml:segment id="29" name="Dend_7" parent="28" cable="29">
                    <mml:proximal x="77.94229" y="100.0" z="45.0" diameter="2.4"/>
                    <mml:distal x="77.94229" y="130.0" z="45.0" diameter="1.44"/>
                </mml:segment>

                <mml:segment id="30" name="Dend_8" parent="27" cable="30">
                    <mml:proximal x="51.961525" y="60.0" z="30.0" diameter="4.0"/>
                    <mml:distal x="43.30127" y="90.0" z="25.0" diameter="2.4"/>
                </mml:segment>

                <mml:segment id="31" name="Dend_9" parent="30" cable="31">
                    <mml:proximal x="43.30127" y="90.0" z="25.0" diameter="2.4"/>
                    <mml:distal x="43.30127" y="115.0" z="25.0" diameter="1.44"/>
                </mml:segment>

                <mml:segment id="32" name="radialDend_2" parent="0" cable="32">
                    <mml:proximal x="0.0" y="0.0" z="0.0" diameter="4.0"/>
                    <mml:distal x="51.961525" y="60.0" z="-30.0" diameter="4.0"/>
                </mml:segment>

                <mml:segment id="33" name="Dend_11" parent="32" cable="33">
                    <mml:proximal x="51.961525" y="60.0" z="-30.0" diameter="4.0"/>
                    <mml:distal x="77.94229" y="100.0" z="-45.0" diameter="2.4"/>
                </mml:segment>

                <mml:segment id="34" name="Dend_12" parent="33" cable="34">
                    <mml:proximal x="77.94229" y="100.0" z="-45.0" diameter="2.4"/>
                    <mml:distal x="77.94229" y="130.0" z="-45.0" diameter="1.44"/>
                </mml:segment>

                <mml:segment id="35" name="Dend_13" parent="32" cable="35">
                    <mml:proximal x="51.961525" y="60.0" z="-30.0" diameter="4.0"/>
                    <mml:distal x="43.30127" y="90.0" z="-25.0" diameter="2.4"/>
                </mml:segment>

                <mml:segment id="36" name="Dend_14" parent="35" cable="36">
                    <mml:proximal x="43.30127" y="90.0" z="-25.0" diameter="2.4"/>
                    <mml:distal x="43.30127" y="115.0" z="-25.0" diameter="1.44"/>
                </mml:segment>

                <mml:segment id="37" name="radialDend_3" parent="0" cable="37">
                    <mml:proximal x="0.0" y="0.0" z="0.0" diameter="4.0"/>
                    <mml:distal x="7.347881E-15" y="60.0" z="-60.0" diameter="4.0"/>
                </mml:segment>

                <mml:segment id="38" name="Dend_16" parent="37" cable="38">
                    <mml:proximal x="7.347881E-15" y="60.0" z="-60.0" diameter="4.0"/>
                    <mml:distal x="1.1021821E-14" y="100.0" z="-90.0" diameter="2.4"/>
                </mml:segment>

                <mml:segment id="39" name="Dend_17" parent="38" cable="39">
                    <mml:proximal x="1.1021821E-14" y="100.0" z="-90.0" diameter="2.4"/>
                    <mml:distal x="1.1021821E-14" y="130.0" z="-90.0" diameter="1.44"/>
                </mml:segment>

                <mml:segment id="40" name="Dend_18" parent="37" cable="40">
                    <mml:proximal x="7.347881E-15" y="60.0" z="-60.0" diameter="4.0"/>
                    <mml:distal x="6.123234E-15" y="90.0" z="-50.0" diameter="2.4"/>
                </mml:segment>

                <mml:segment id="41" name="Dend_19" parent="40" cable="41">
                    <mml:proximal x="6.123234E-15" y="90.0" z="-50.0" diameter="2.4"/>
                    <mml:distal x="6.123234E-15" y="115.0" z="-50.0" diameter="1.44"/>
                </mml:segment>

                <mml:segment id="42" name="radialDend_4" parent="0" cable="42">
                    <mml:proximal x="0.0" y="0.0" z="0.0" diameter="4.0"/>
                    <mml:distal x="-51.961525" y="60.0" z="-30.0" diameter="4.0"/>
                </mml:segment>

                <mml:segment id="43" name="Dend_21" parent="42" cable="43">
                    <mml:proximal x="-51.961525" y="60.0" z="-30.0" diameter="4.0"/>
                    <mml:distal x="-77.94229" y="100.0" z="-45.0" diameter="2.4"/>
                </mml:segment>

                <mml:segment id="44" name="Dend_22" parent="43" cable="44">
                    <mml:proximal x="-77.94229" y="100.0" z="-45.0" diameter="2.4"/>
                    <mml:distal x="-77.94229" y="130.0" z="-45.0" diameter="1.44"/>
                </mml:segment>

                <mml:segment id="45" name="Dend_23" parent="42" cable="45">
                    <mml:proximal x="-51.961525" y="60.0" z="-30.0" diameter="4.0"/>
                    <mml:distal x="-43.30127" y="90.0" z="-25.0" diameter="2.4"/>
                </mml:segment>

                <mml:segment id="46" name="Dend_24" parent="45" cable="46">
                    <mml:proximal x="-43.30127" y="90.0" z="-25.0" diameter="2.4"/>
                    <mml:distal x="-43.30127" y="115.0" z="-25.0" diameter="1.44"/>
                </mml:segment>

                <mml:segment id="47" name="radialDend_5" parent="0" cable="47">
                    <mml:proximal x="0.0" y="0.0" z="0.0" diameter="4.0"/>
                    <mml:distal x="-51.961525" y="60.0" z="30.0" diameter="4.0"/>
                </mml:segment>

                <mml:segment id="48" name="Dend_26" parent="47" cable="48">
                    <mml:proximal x="-51.961525" y="60.0" z="30.0" diameter="4.0"/>
                    <mml:distal x="-77.94229" y="100.0" z="45.0" diameter="2.4"/>
                </mml:segment>

                <mml:segment id="49" name="Dend_27" parent="48" cable="49">
                    <mml:proximal x="-77.94229" y="100.0" z="45.0" diameter="2.4"/>
                    <mml:distal x="-77.94229" y="130.0" z="45.0" diameter="1.44"/>
                </mml:segment>

                <mml:segment id="50" name="Dend_28" parent="47" cable="50">
                    <mml:proximal x="-51.961525" y="60.0" z="30.0" diameter="4.0"/>
                    <mml:distal x="-43.30127" y="90.0" z="25.0" diameter="2.4"/>
                </mml:segment>

                <mml:segment id="51" name="Dend_29" parent="50" cable="51">
                    <mml:proximal x="-43.30127" y="90.0" z="25.0" diameter="2.4"/>
                    <mml:distal x="-43.30127" y="115.0" z="25.0" diameter="1.44"/>
                </mml:segment>

                
            </mml:segments>

            <mml:cables>

                <mml:cable id="0" name="Soma">
                    <meta:group>all</meta:group>
                    <meta:group>soma_group</meta:group>
                </mml:cable>

                <mml:cable id="1" name="axonRootSec" fract_along_parent="0.5">
                    <meta:group>all</meta:group>
                    <meta:group>axon_group</meta:group>
                </mml:cable>

                <mml:cable id="2" name="Axon_1_Sec">
                    <meta:group>all</meta:group>
                    <meta:group>axon_group</meta:group>
                </mml:cable>

                <mml:cable id="3" name="Axon_2_Sec">
                    <meta:group>all</meta:group>
                    <meta:group>axon_group</meta:group>
                </mml:cable>

                <mml:cable id="4" name="Axon_3_Sec">
                    <meta:group>all</meta:group>
                    <meta:group>axon_group</meta:group>
                </mml:cable>

                <mml:cable id="5" name="Axon_4_Sec">
                    <meta:group>all</meta:group>
                    <meta:group>axon_group</meta:group>
                </mml:cable>

                <mml:cable id="6" name="Axon_5_Sec">
                    <meta:group>all</meta:group>
                    <meta:group>axon_group</meta:group>
                    <meta:group>axon_synapses</meta:group>
                </mml:cable>

                <mml:cable id="7" name="Axon_6_Sec">
                    <meta:group>all</meta:group>
                    <meta:group>axon_group</meta:group>
                    <meta:group>axon_synapses</meta:group>
                </mml:cable>

                <mml:cable id="8" name="Axon_7_Sec">
                    <meta:group>all</meta:group>
                    <meta:group>axon_group</meta:group>
                    <meta:group>axon_synapses</meta:group>
                </mml:cable>

                <mml:cable id="9" name="Axon_8_Sec">
                    <meta:group>all</meta:group>
                    <meta:group>axon_group</meta:group>
                    <meta:group>axon_synapses</meta:group>
                </mml:cable>

                <mml:cable id="10" name="Axon_9_Sec">
                    <meta:group>all</meta:group>
                    <meta:group>axon_group</meta:group>
                    <meta:group>axon_synapses</meta:group>
                </mml:cable>

                <mml:cable id="11" name="Axon_10_Sec">
                    <meta:group>all</meta:group>
                    <meta:group>axon_group</meta:group>
                    <meta:group>axon_synapses</meta:group>
                </mml:cable>

                <mml:cable id="12" name="Axon_11_Sec">
                    <meta:group>all</meta:group>
                    <meta:group>axon_group</meta:group>
                    <meta:group>axon_synapses</meta:group>
                </mml:cable>

                <mml:cable id="13" name="Axon_12_Sec">
                    <meta:group>all</meta:group>
                    <meta:group>axon_group</meta:group>
                    <meta:group>axon_synapses</meta:group>
                </mml:cable>

                <mml:cable id="14" name="Axon_13_Sec">
                    <meta:group>all</meta:group>
                    <meta:group>axon_group</meta:group>
                    <meta:group>axon_synapses</meta:group>
                </mml:cable>

                <mml:cable id="15" name="Axon_14_Sec">
                    <meta:group>all</meta:group>
                    <meta:group>axon_group</meta:group>
                    <meta:group>axon_synapses</meta:group>
                </mml:cable>

                <mml:cable id="16" name="Axon_15_Sec">
                    <meta:group>all</meta:group>
                    <meta:group>axon_group</meta:group>
                    <meta:group>axon_synapses</meta:group>
                </mml:cable>

                <mml:cable id="17" name="Axon_16_Sec">
                    <meta:group>all</meta:group>
                    <meta:group>axon_group</meta:group>
                    <meta:group>axon_synapses</meta:group>
                </mml:cable>

                <mml:cable id="18" name="Axon_17_Sec">
                    <meta:group>all</meta:group>
                    <meta:group>axon_group</meta:group>
                    <meta:group>axon_synapses</meta:group>
                </mml:cable>

                <mml:cable id="19" name="Axon_18_Sec">
                    <meta:group>all</meta:group>
                    <meta:group>axon_group</meta:group>
                    <meta:group>axon_synapses</meta:group>
                </mml:cable>

                <mml:cable id="20" name="Axon_19_Sec">
                    <meta:group>all</meta:group>
                    <meta:group>axon_group</meta:group>
                    <meta:group>axon_synapses</meta:group>
                </mml:cable>

                <mml:cable id="21" name="Axon_20_Sec">
                    <meta:group>all</meta:group>
                    <meta:group>axon_group</meta:group>
                    <meta:group>axon_synapses</meta:group>
                </mml:cable>

                <mml:cable id="22" name="radialDend_0_Sec" fract_along_parent="0.5">
                    <meta:group>all</meta:group>
                    <meta:group>dendrite_group</meta:group>
                </mml:cable>

                <mml:cable id="23" name="Dend_1_Sec">
                    <meta:group>all</meta:group>
                    <meta:group>dendrite_group</meta:group>
                    <meta:group>dend_synapses</meta:group>
                </mml:cable>

                <mml:cable id="24" name="Dend_2_Sec">
                    <meta:group>all</meta:group>
                    <meta:group>dendrite_group</meta:group>
                    <meta:group>dend_synapses</meta:group>
                </mml:cable>

                <mml:cable id="25" name="Dend_3_Sec">
                    <meta:group>all</meta:group>
                    <meta:group>dendrite_group</meta:group>
                    <meta:group>dend_synapses</meta:group>
                </mml:cable>

                <mml:cable id="26" name="Dend_4_Sec">
                    <meta:group>all</meta:group>
                    <meta:group>dendrite_group</meta:group>
                    <meta:group>dend_synapses</meta:group>
                </mml:cable>

                <mml:cable id="27" name="radialDend_1_Sec" fract_along_parent="0.5">
                    <meta:group>all</meta:group>
                    <meta:group>dendrite_group</meta:group>
                </mml:cable>

                <mml:cable id="28" name="Dend_6_Sec">
                    <meta:group>all</meta:group>
                    <meta:group>dendrite_group</meta:group>
                    <meta:group>dend_synapses</meta:group>
                </mml:cable>

                <mml:cable id="29" name="Dend_7_Sec">
                    <meta:group>all</meta:group>
                    <meta:group>dendrite_group</meta:group>
                    <meta:group>dend_synapses</meta:group>
                </mml:cable>

                <mml:cable id="30" name="Dend_8_Sec">
                    <meta:group>all</meta:group>
                    <meta:group>dendrite_group</meta:group>
                    <meta:group>dend_synapses</meta:group>
                </mml:cable>

                <mml:cable id="31" name="Dend_9_Sec">
                    <meta:group>all</meta:group>
                    <meta:group>dendrite_group</meta:group>
                    <meta:group>dend_synapses</meta:group>
                </mml:cable>

                <mml:cable id="32" name="radialDend_2_Sec" fract_along_parent="0.5">
                    <meta:group>all</meta:group>
                    <meta:group>dendrite_group</meta:group>
                </mml:cable>

                <mml:cable id="33" name="Dend_11_Sec">
                    <meta:group>all</meta:group>
                    <meta:group>dendrite_group</meta:group>
                    <meta:group>dend_synapses</meta:group>
                </mml:cable>

                <mml:cable id="34" name="Dend_12_Sec">
                    <meta:group>all</meta:group>
                    <meta:group>dendrite_group</meta:group>
                    <meta:group>dend_synapses</meta:group>
                </mml:cable>

                <mml:cable id="35" name="Dend_13_Sec">
                    <meta:group>all</meta:group>
                    <meta:group>dendrite_group</meta:group>
                    <meta:group>dend_synapses</meta:group>
                </mml:cable>

                <mml:cable id="36" name="Dend_14_Sec">
                    <meta:group>all</meta:group>
                    <meta:group>dendrite_group</meta:group>
                    <meta:group>dend_synapses</meta:group>
                </mml:cable>

                <mml:cable id="37" name="radialDend_3_Sec" fract_along_parent="0.5">
                    <meta:group>all</meta:group>
                    <meta:group>dendrite_group</meta:group>
                </mml:cable>

                <mml:cable id="38" name="Dend_16_Sec">
                    <meta:group>all</meta:group>
                    <meta:group>dendrite_group</meta:group>
                    <meta:group>dend_synapses</meta:group>
                </mml:cable>

                <mml:cable id="39" name="Dend_17_Sec">
                    <meta:group>all</meta:group>
                    <meta:group>dendrite_group</meta:group>
                    <meta:group>dend_synapses</meta:group>
                </mml:cable>

                <mml:cable id="40" name="Dend_18_Sec">
                    <meta:group>all</meta:group>
                    <meta:group>dendrite_group</meta:group>
                    <meta:group>dend_synapses</meta:group>
                </mml:cable>

                <mml:cable id="41" name="Dend_19_Sec">
                    <meta:group>all</meta:group>
                    <meta:group>dendrite_group</meta:group>
                    <meta:group>dend_synapses</meta:group>
                </mml:cable>

                <mml:cable id="42" name="radialDend_4_Sec" fract_along_parent="0.5">
                    <meta:group>all</meta:group>
                    <meta:group>dendrite_group</meta:group>
                </mml:cable>

                <mml:cable id="43" name="Dend_21_Sec">
                    <meta:group>all</meta:group>
                    <meta:group>dendrite_group</meta:group>
                    <meta:group>dend_synapses</meta:group>
                </mml:cable>

                <mml:cable id="44" name="Dend_22_Sec">
                    <meta:group>all</meta:group>
                    <meta:group>dendrite_group</meta:group>
                    <meta:group>dend_synapses</meta:group>
                </mml:cable>

                <mml:cable id="45" name="Dend_23_Sec">
                    <meta:group>all</meta:group>
                    <meta:group>dendrite_group</meta:group>
                    <meta:group>dend_synapses</meta:group>
                </mml:cable>

                <mml:cable id="46" name="Dend_24_Sec">
                    <meta:group>all</meta:group>
                    <meta:group>dendrite_group</meta:group>
                    <meta:group>dend_synapses</meta:group>
                </mml:cable>

                <mml:cable id="47" name="radialDend_5_Sec" fract_along_parent="0.5">
                    <meta:group>all</meta:group>
                    <meta:group>dendrite_group</meta:group>
                </mml:cable>

                <mml:cable id="48" name="Dend_26_Sec">
                    <meta:group>all</meta:group>
                    <meta:group>dendrite_group</meta:group>
                    <meta:group>dend_synapses</meta:group>
                </mml:cable>

                <mml:cable id="49" name="Dend_27_Sec">
                    <meta:group>all</meta:group>
                    <meta:group>dendrite_group</meta:group>
                    <meta:group>dend_synapses</meta:group>
                </mml:cable>

                <mml:cable id="50" name="Dend_28_Sec">
                    <meta:group>all</meta:group>
                    <meta:group>dendrite_group</meta:group>
                    <meta:group>dend_synapses</meta:group>
                </mml:cable>

                <mml:cable id="51" name="Dend_29_Sec">
                    <meta:group>all</meta:group>
                    <meta:group>dendrite_group</meta:group>
                    <meta:group>dend_synapses</meta:group>
                </mml:cable>

            </mml:cables>

            <!--Adding the biophysical parameters-->

            <biophysics units="Physiological Units">

                <bio:mechanism name="KConductance" type="Channel Mechanism">
                    <bio:parameter name="gmax" value="36.0">
                        <bio:group>all</bio:group>
                    </bio:parameter>
                </bio:mechanism>

                <bio:mechanism name="NaConductance" type="Channel Mechanism">
                    <bio:parameter name="gmax" value="120.0">
                        <bio:group>all</bio:group>
                    </bio:parameter>
                </bio:mechanism>

                <bio:mechanism name="PassiveCond" type="Channel Mechanism" passive_conductance="true">
                    <bio:parameter name="e" value="-54.3">
                        <bio:group>all</bio:group>
                    </bio:parameter>
                    <bio:parameter name="gmax" value="0.3">
                        <bio:group>all</bio:group>
                    </bio:parameter>
                </bio:mechanism>
                

                <bio:spec_capacitance>
                    <bio:parameter value="1.0">
                        <bio:group>all</bio:group>
                    </bio:parameter>
                </bio:spec_capacitance>

                <bio:spec_axial_resistance>
                    <bio:parameter value="0.03">
                        <bio:group>all</bio:group>
                    </bio:parameter>
                </bio:spec_axial_resistance>

                <bio:init_memb_potential>
                    <bio:parameter value="-65.0">
                        <bio:group>all</bio:group>
                    </bio:parameter>
                </bio:init_memb_potential></biophysics>

            <connectivity>
                <net:potential_syn_loc synapse_type="GranGolgiSyn">
                    <net:group>dend_synapses</net:group>
                </net:potential_syn_loc>
            </connectivity>

        </cell>
    </cells>
</neuroml>