<?xml version="1.0" encoding="UTF-8"?>
<neuroml xmlns="http://morphml.org/neuroml/schema" xmlns:meta="http://morphml.org/metadata/schema" xmlns:mml="http://morphml.org/morphml/schema" xmlns:bio="http://morphml.org/biophysics/schema" xmlns:cml="http://morphml.org/channelml/schema" xmlns:net="http://morphml.org/networkml/schema" xmlns:xsi="http://www.w3.org/2001/XMLSchema-instance" xsi:schemaLocation="http://morphml.org/neuroml/schema  http://www.neuroml.org/NeuroMLValidator/NeuroMLFiles/Schemata/v1.8.1/Level3/NeuroML_Level3_v1.8.1.xsd" lengthUnits="micron">

    <cells>
        <cell name="GranuleCell">

            <meta:notes>A very simplified cerebellar Granule like Cell for testing purposes only</meta:notes>

            <mml:segments>

                <mml:segment id="0" name="Soma" cable="0">
                    <mml:proximal x="0.0" y="0.0" z="0.0" diameter="8.0"/>
                    <mml:distal x="0.0" y="0.0" z="0.0" diameter="8.0"/>
                </mml:segment>

                <mml:segment id="1" name="mainAxon" parent="0" cable="1">
                    <mml:proximal x="0.0" y="0.0" z="0.0" diameter="1.2"/>
                    <mml:distal x="0.0" y="140.0" z="0.0" diameter="1.2"/>
                </mml:segment>

                <mml:segment id="2" name="Axon_1" parent="1" cable="2">
                    <mml:proximal x="0.0" y="140.0" z="0.0" diameter="1.2"/>
                    <mml:distal x="10.0" y="140.0" z="0.0" diameter="1.2"/>
                </mml:segment>

                <mml:segment id="3" name="Axon_2" parent="1" cable="3">
                    <mml:proximal x="0.0" y="140.0" z="0.0" diameter="1.2"/>
                    <mml:distal x="-10.0" y="140.0" z="0.0" diameter="1.2"/>
                </mml:segment>

                <mml:segment id="4" name="Axon_3" parent="2" cable="2">
                    <mml:distal x="20.0" y="140.0" z="0.0" diameter="1.2"/>
                </mml:segment>

                <mml:segment id="5" name="Axon_4" parent="3" cable="3">
                    <mml:distal x="-20.0" y="140.0" z="0.0" diameter="1.2"/>
                </mml:segment>

                <mml:segment id="6" name="Axon_5" parent="4" cable="2">
                    <mml:distal x="30.0" y="140.0" z="0.0" diameter="1.2"/>
                </mml:segment>

                <mml:segment id="7" name="Axon_6" parent="5" cable="3">
                    <mml:distal x="-30.0" y="140.0" z="0.0" diameter="1.2"/>
                </mml:segment>

                <mml:segment id="8" name="Axon_7" parent="6" cable="2">
                    <mml:distal x="40.0" y="140.0" z="0.0" diameter="1.2"/>
                </mml:segment>

                <mml:segment id="9" name="Axon_8" parent="7" cable="3">
                    <mml:distal x="-40.0" y="140.0" z="0.0" diameter="1.2"/>
                </mml:segment>

                <mml:segment id="10" name="Axon_9" parent="8" cable="2">
                    <mml:distal x="50.0" y="140.0" z="0.0" diameter="1.2"/>
                </mml:segment>

                <mml:segment id="11" name="Axon_10" parent="9" cable="3">
                    <mml:distal x="-50.0" y="140.0" z="0.0" diameter="1.2"/>
                </mml:segment>

                <mml:segment id="12" name="Axon_11" parent="10" cable="2">
                    <mml:distal x="60.0" y="140.0" z="0.0" diameter="1.2"/>
                </mml:segment>

                <mml:segment id="13" name="Axon_12" parent="11" cable="3">
                    <mml:distal x="-60.0" y="140.0" z="0.0" diameter="1.2"/>
                </mml:segment>

                <mml:segment id="14" name="Axon_13" parent="12" cable="2">
                    <mml:distal x="70.0" y="140.0" z="0.0" diameter="1.2"/>
                </mml:segment>

                <mml:segment id="15" name="Axon_14" parent="13" cable="3">
                    <mml:distal x="-70.0" y="140.0" z="0.0" diameter="1.2"/>
                </mml:segment>

                <mml:segment id="16" name="Axon_15" parent="14" cable="2">
                    <mml:distal x="80.0" y="140.0" z="0.0" diameter="1.2"/>
                </mml:segment>

                <mml:segment id="17" name="Axon_16" parent="15" cable="3">
                    <mml:distal x="-80.0" y="140.0" z="0.0" diameter="1.2"/>
                </mml:segment>

                <mml:segment id="18" name="Axon_17" parent="16" cable="2">
                    <mml:distal x="90.0" y="140.0" z="0.0" diameter="1.2"/>
                </mml:segment>

                <mml:segment id="19" name="Axon_18" parent="17" cable="3">
                    <mml:distal x="-90.0" y="140.0" z="0.0" diameter="1.2"/>
                </mml:segment>

                <mml:segment id="20" name="Axon_19" parent="18" cable="2">
                    <mml:distal x="100.0" y="140.0" z="0.0" diameter="1.2"/>
                </mml:segment>

                <mml:segment id="21" name="Axon_20" parent="19" cable="3">
                    <mml:distal x="-100.0" y="140.0" z="0.0" diameter="1.2"/>
                </mml:segment>

                <mml:segment id="22" name="Axon_21" parent="20" cable="2">
                    <mml:distal x="110.0" y="140.0" z="0.0" diameter="1.2"/>
                </mml:segment>

                <mml:segment id="23" name="Axon_22" parent="21" cable="3">
                    <mml:distal x="-110.0" y="140.0" z="0.0" diameter="1.2"/>
                </mml:segment>

                <mml:segment id="24" name="Axon_23" parent="22" cable="2">
                    <mml:distal x="120.0" y="140.0" z="0.0" diameter="1.2"/>
                </mml:segment>

                <mml:segment id="25" name="Axon_24" parent="23" cable="3">
                    <mml:distal x="-120.0" y="140.0" z="0.0" diameter="1.2"/>
                </mml:segment>

                
            </mml:segments>

            <mml:cables>

                <mml:cable id="0" name="Soma">
                    <meta:group>all</meta:group>
                    <meta:group>soma_group</meta:group>
                </mml:cable>

                <mml:cable id="1" name="mainAxonSection" fract_along_parent="0.5">
                    <meta:properties>
                        
                    <meta:property tag="numberInternalDivisions" value="2"/>

                    </meta:properties>
                
                    <meta:group>all</meta:group>
                    <meta:group>axon_group</meta:group>
                    <meta:group>ascending_segment</meta:group>
                </mml:cable>

                <mml:cable id="2" name="parallelFiberPos">
                    <meta:properties>
                        
                    <meta:property tag="numberInternalDivisions" value="2"/>

                    </meta:properties>
                
                    <meta:group>all</meta:group>
                    <meta:group>axon_group</meta:group>
                    <meta:group>parallel_fibers</meta:group>
                </mml:cable>

                <mml:cable id="3" name="parallelFiberNeg">
                    <meta:properties>
                        
                    <meta:property tag="numberInternalDivisions" value="2"/>

                    </meta:properties>
                
                    <meta:group>all</meta:group>
                    <meta:group>axon_group</meta:group>
                    <meta:group>parallel_fibers</meta:group>
                </mml:cable>

            </mml:cables>

            <!--Adding the biophysical parameters-->

            <biophysics units="Physiological Units">

                <bio:mechanism name="KConductance" type="Channel Mechanism">
                    <bio:parameter name="gmax" value="36.0">
                        <bio:group>all</bio:group>
                    </bio:parameter>
                </bio:mechanism>

                <bio:mechanism name="NaConductance" type="Channel Mechanism">
                    <bio:parameter name="gmax" value="120.0">
                        <bio:group>axon_group</bio:group>
                        <bio:group>soma_group</bio:group>
                    </bio:parameter>
                </bio:mechanism>

                <bio:mechanism name="PassiveCond" type="Channel Mechanism" passive_conductance="true">
                    <bio:parameter name="e" value="-54.3">
                        <bio:group>axon_group</bio:group>
                        <bio:group>soma_group</bio:group>
                    </bio:parameter>
                    <bio:parameter name="gmax" value="0.3">
                        <bio:group>axon_group</bio:group>
                        <bio:group>soma_group</bio:group>
                    </bio:parameter>
                </bio:mechanism>
                

                <bio:spec_capacitance>
                    <bio:parameter value="1.0">
                        <bio:group>all</bio:group>
                    </bio:parameter>
                </bio:spec_capacitance>

                <bio:spec_axial_resistance>
                    <bio:parameter value="0.02">
                        <bio:group>all</bio:group>
                    </bio:parameter>
                </bio:spec_axial_resistance>

                <bio:init_memb_potential>
                    <bio:parameter value="-65.0">
                        <bio:group>all</bio:group>
                    </bio:parameter>
                </bio:init_memb_potential></biophysics>

            <connectivity>
                <net:potential_syn_loc synapse_type="GranGolgiSyn">
                    <net:group>parallel_fibers</net:group>
                </net:potential_syn_loc>
            
                <net:potential_syn_loc synapse_type="GranPurkSyn">
                    <net:group>parallel_fibers</net:group>
                </net:potential_syn_loc>
            
                <net:potential_syn_loc synapse_type="MFGranSyn" synapse_direction="preAndOrPost">
                    <net:group>soma_group</net:group>
                </net:potential_syn_loc>
            </connectivity>

        </cell>
    </cells>
</neuroml>