<?xml version="1.0" encoding="UTF-8"?>
<neuroml xmlns="http://morphml.org/neuroml/schema" xmlns:meta="http://morphml.org/metadata/schema" xmlns:mml="http://morphml.org/morphml/schema" xmlns:bio="http://morphml.org/biophysics/schema" xmlns:cml="http://morphml.org/channelml/schema" xmlns:net="http://morphml.org/networkml/schema" xmlns:xsi="http://www.w3.org/2001/XMLSchema-instance" xsi:schemaLocation="http://morphml.org/neuroml/schema  http://www.neuroml.org/NeuroMLValidator/NeuroMLFiles/Schemata/v1.8.1/Level3/NeuroML_Level3_v1.8.1.xsd" lengthUnits="micron">

    <cells>
        <cell name="PurkinjeCell">

            <meta:notes>A very simplified Purkinje Cell for testing purposes only</meta:notes>

            <mml:segments>

                <mml:segment id="0" name="Soma" cable="0">
                    <mml:proximal x="0.0" y="0.0" z="0.0" diameter="30.0"/>
                    <mml:distal x="0.0" y="0.0" z="0.0" diameter="30.0"/>
                </mml:segment>

                <mml:segment id="1" name="mainAxon" parent="0" cable="1">
                    <mml:proximal x="0.0" y="0.0" z="0.0" diameter="2.0"/>
                    <mml:distal x="0.0" y="-140.0" z="0.0" diameter="2.0"/>
                </mml:segment>

                <mml:segment id="4" name="root" parent="0" cable="2">
                    <mml:proximal x="0.0" y="0.0" z="0.0" diameter="3.0"/>
                    <mml:distal x="0.0" y="30.0" z="0.0" diameter="3.0"/>
                </mml:segment>

                <mml:segment id="5" name="mainDend1" parent="4" cable="3">
                    <mml:proximal x="0.0" y="30.0" z="0.0" diameter="3.0"/>
                    <mml:distal x="0.0" y="50.0" z="0.0" diameter="3.0"/>
                </mml:segment>

                <mml:segment id="6" name="mainDend2" parent="4" cable="4">
                    <mml:proximal x="0.0" y="30.0" z="0.0" diameter="3.0"/>
                    <mml:distal x="0.0" y="50.0" z="-40.0" diameter="3.0"/>
                </mml:segment>

                <mml:segment id="7" name="mainDend3" parent="4" cable="5">
                    <mml:proximal x="0.0" y="30.0" z="0.0" diameter="3.0"/>
                    <mml:distal x="0.0" y="50.0" z="40.0" diameter="3.0"/>
                </mml:segment>

                <mml:segment id="8" name="Dend_4" parent="5" cable="6">
                    <mml:proximal x="0.0" y="50.0" z="0.0" diameter="3.0"/>
                    <mml:distal x="0.0" y="80.0" z="-10.0" diameter="1.8000001"/>
                </mml:segment>

                <mml:segment id="9" name="Dend_5" parent="5" cable="7">
                    <mml:proximal x="0.0" y="50.0" z="0.0" diameter="3.0"/>
                    <mml:distal x="0.0" y="80.0" z="10.0" diameter="1.8000001"/>
                </mml:segment>

                <mml:segment id="10" name="Dend_6" parent="5" cable="8">
                    <mml:proximal x="0.0" y="50.0" z="0.0" diameter="3.0"/>
                    <mml:distal x="0.0" y="85.0" z="0.0" diameter="1.8000001"/>
                </mml:segment>

                <mml:segment id="11" name="Dend_7" parent="6" cable="9">
                    <mml:proximal x="0.0" y="50.0" z="-40.0" diameter="3.0"/>
                    <mml:distal x="0.0" y="70.0" z="-50.0" diameter="1.8000001"/>
                </mml:segment>

                <mml:segment id="12" name="Dend_8" parent="6" cable="10">
                    <mml:proximal x="0.0" y="50.0" z="-40.0" diameter="3.0"/>
                    <mml:distal x="0.0" y="70.0" z="-30.0" diameter="1.8000001"/>
                </mml:segment>

                <mml:segment id="13" name="Dend_9" parent="6" cable="11">
                    <mml:proximal x="0.0" y="50.0" z="-40.0" diameter="3.0"/>
                    <mml:distal x="0.0" y="75.0" z="-40.0" diameter="1.8000001"/>
                </mml:segment>

                <mml:segment id="14" name="Dend_10" parent="7" cable="12">
                    <mml:proximal x="0.0" y="50.0" z="40.0" diameter="3.0"/>
                    <mml:distal x="0.0" y="70.0" z="30.0" diameter="1.8000001"/>
                </mml:segment>

                <mml:segment id="15" name="Dend_11" parent="7" cable="13">
                    <mml:proximal x="0.0" y="50.0" z="40.0" diameter="3.0"/>
                    <mml:distal x="0.0" y="70.0" z="50.0" diameter="1.8000001"/>
                </mml:segment>

                <mml:segment id="16" name="Dend_12" parent="7" cable="14">
                    <mml:proximal x="0.0" y="50.0" z="40.0" diameter="3.0"/>
                    <mml:distal x="0.0" y="75.0" z="40.0" diameter="1.8000001"/>
                </mml:segment>

                <mml:segment id="17" name="Dend_13" parent="8" cable="15">
                    <mml:proximal x="0.0" y="80.0" z="-10.0" diameter="1.8000001"/>
                    <mml:distal x="5.0" y="130.0" z="-24.0" diameter="1.08"/>
                </mml:segment>

                <mml:segment id="18" name="Dend_14" parent="8" cable="16">
                    <mml:proximal x="0.0" y="80.0" z="-10.0" diameter="1.8000001"/>
                    <mml:distal x="0.0" y="130.0" z="-10.0" diameter="1.08"/>
                </mml:segment>

                <mml:segment id="19" name="Dend_15" parent="8" cable="17">
                    <mml:proximal x="0.0" y="80.0" z="-10.0" diameter="1.8000001"/>
                    <mml:distal x="-5.0" y="130.0" z="4.0" diameter="1.08"/>
                </mml:segment>

                <mml:segment id="20" name="Dend_16" parent="9" cable="18">
                    <mml:proximal x="0.0" y="80.0" z="10.0" diameter="1.8000001"/>
                    <mml:distal x="5.0" y="130.0" z="-4.0" diameter="1.08"/>
                </mml:segment>

                <mml:segment id="21" name="Dend_17" parent="9" cable="19">
                    <mml:proximal x="0.0" y="80.0" z="10.0" diameter="1.8000001"/>
                    <mml:distal x="0.0" y="130.0" z="10.0" diameter="1.08"/>
                </mml:segment>

                <mml:segment id="22" name="Dend_18" parent="9" cable="20">
                    <mml:proximal x="0.0" y="80.0" z="10.0" diameter="1.8000001"/>
                    <mml:distal x="-5.0" y="130.0" z="24.0" diameter="1.08"/>
                </mml:segment>

                <mml:segment id="23" name="Dend_19" parent="10" cable="21">
                    <mml:proximal x="0.0" y="85.0" z="0.0" diameter="1.8000001"/>
                    <mml:distal x="5.0" y="135.0" z="-14.0" diameter="1.08"/>
                </mml:segment>

                <mml:segment id="24" name="Dend_20" parent="10" cable="22">
                    <mml:proximal x="0.0" y="85.0" z="0.0" diameter="1.8000001"/>
                    <mml:distal x="0.0" y="135.0" z="0.0" diameter="1.08"/>
                </mml:segment>

                <mml:segment id="25" name="Dend_21" parent="10" cable="23">
                    <mml:proximal x="0.0" y="85.0" z="0.0" diameter="1.8000001"/>
                    <mml:distal x="-5.0" y="135.0" z="14.0" diameter="1.08"/>
                </mml:segment>

                <mml:segment id="26" name="Dend_22" parent="11" cable="24">
                    <mml:proximal x="0.0" y="70.0" z="-50.0" diameter="1.8000001"/>
                    <mml:distal x="5.0" y="120.0" z="-64.0" diameter="1.08"/>
                </mml:segment>

                <mml:segment id="27" name="Dend_23" parent="11" cable="25">
                    <mml:proximal x="0.0" y="70.0" z="-50.0" diameter="1.8000001"/>
                    <mml:distal x="0.0" y="120.0" z="-50.0" diameter="1.08"/>
                </mml:segment>

                <mml:segment id="28" name="Dend_24" parent="11" cable="26">
                    <mml:proximal x="0.0" y="70.0" z="-50.0" diameter="1.8000001"/>
                    <mml:distal x="-5.0" y="120.0" z="-36.0" diameter="1.08"/>
                </mml:segment>

                <mml:segment id="29" name="Dend_25" parent="12" cable="27">
                    <mml:proximal x="0.0" y="70.0" z="-30.0" diameter="1.8000001"/>
                    <mml:distal x="5.0" y="120.0" z="-44.0" diameter="1.08"/>
                </mml:segment>

                <mml:segment id="30" name="Dend_26" parent="12" cable="28">
                    <mml:proximal x="0.0" y="70.0" z="-30.0" diameter="1.8000001"/>
                    <mml:distal x="0.0" y="120.0" z="-30.0" diameter="1.08"/>
                </mml:segment>

                <mml:segment id="31" name="Dend_27" parent="12" cable="29">
                    <mml:proximal x="0.0" y="70.0" z="-30.0" diameter="1.8000001"/>
                    <mml:distal x="-5.0" y="120.0" z="-16.0" diameter="1.08"/>
                </mml:segment>

                <mml:segment id="32" name="Dend_28" parent="13" cable="30">
                    <mml:proximal x="0.0" y="75.0" z="-40.0" diameter="1.8000001"/>
                    <mml:distal x="5.0" y="125.0" z="-54.0" diameter="1.08"/>
                </mml:segment>

                <mml:segment id="33" name="Dend_29" parent="13" cable="31">
                    <mml:proximal x="0.0" y="75.0" z="-40.0" diameter="1.8000001"/>
                    <mml:distal x="0.0" y="125.0" z="-40.0" diameter="1.08"/>
                </mml:segment>

                <mml:segment id="34" name="Dend_30" parent="13" cable="32">
                    <mml:proximal x="0.0" y="75.0" z="-40.0" diameter="1.8000001"/>
                    <mml:distal x="-5.0" y="125.0" z="-26.0" diameter="1.08"/>
                </mml:segment>

                <mml:segment id="35" name="Dend_31" parent="14" cable="33">
                    <mml:proximal x="0.0" y="70.0" z="30.0" diameter="1.8000001"/>
                    <mml:distal x="5.0" y="120.0" z="16.0" diameter="1.08"/>
                </mml:segment>

                <mml:segment id="36" name="Dend_32" parent="14" cable="34">
                    <mml:proximal x="0.0" y="70.0" z="30.0" diameter="1.8000001"/>
                    <mml:distal x="0.0" y="120.0" z="30.0" diameter="1.08"/>
                </mml:segment>

                <mml:segment id="37" name="Dend_33" parent="14" cable="35">
                    <mml:proximal x="0.0" y="70.0" z="30.0" diameter="1.8000001"/>
                    <mml:distal x="-5.0" y="120.0" z="44.0" diameter="1.08"/>
                </mml:segment>

                <mml:segment id="38" name="Dend_34" parent="15" cable="36">
                    <mml:proximal x="0.0" y="70.0" z="50.0" diameter="1.8000001"/>
                    <mml:distal x="5.0" y="120.0" z="36.0" diameter="1.08"/>
                </mml:segment>

                <mml:segment id="39" name="Dend_35" parent="15" cable="37">
                    <mml:proximal x="0.0" y="70.0" z="50.0" diameter="1.8000001"/>
                    <mml:distal x="0.0" y="120.0" z="50.0" diameter="1.08"/>
                </mml:segment>

                <mml:segment id="40" name="Dend_36" parent="15" cable="38">
                    <mml:proximal x="0.0" y="70.0" z="50.0" diameter="1.8000001"/>
                    <mml:distal x="-5.0" y="120.0" z="64.0" diameter="1.08"/>
                </mml:segment>

                <mml:segment id="41" name="Dend_37" parent="16" cable="39">
                    <mml:proximal x="0.0" y="75.0" z="40.0" diameter="1.8000001"/>
                    <mml:distal x="5.0" y="125.0" z="26.0" diameter="1.08"/>
                </mml:segment>

                <mml:segment id="42" name="Dend_38" parent="16" cable="40">
                    <mml:proximal x="0.0" y="75.0" z="40.0" diameter="1.8000001"/>
                    <mml:distal x="0.0" y="125.0" z="40.0" diameter="1.08"/>
                </mml:segment>

                <mml:segment id="43" name="Dend_39" parent="16" cable="41">
                    <mml:proximal x="0.0" y="75.0" z="40.0" diameter="1.8000001"/>
                    <mml:distal x="-5.0" y="125.0" z="54.0" diameter="1.08"/>
                </mml:segment>

                
            </mml:segments>

            <mml:cables>

                <mml:cable id="0" name="Soma">
                    <meta:group>all</meta:group>
                    <meta:group>soma_group</meta:group>
                </mml:cable>

                <mml:cable id="1" name="AxonSec" fract_along_parent="0.5">
                    <meta:properties>
                        
                    <meta:property tag="numberInternalDivisions" value="3"/>

                    </meta:properties>
                
                    <meta:group>all</meta:group>
                    <meta:group>axon_group</meta:group>
                </mml:cable>

                <mml:cable id="2" name="DendRootSec" fract_along_parent="0.5">
                    <meta:group>all</meta:group>
                    <meta:group>dendrite_group</meta:group>
                </mml:cable>

                <mml:cable id="3" name="DendSec1">
                    <meta:group>all</meta:group>
                    <meta:group>dendrite_group</meta:group>
                </mml:cable>

                <mml:cable id="4" name="DendSec2">
                    <meta:group>all</meta:group>
                    <meta:group>dendrite_group</meta:group>
                </mml:cable>

                <mml:cable id="5" name="DendSec3">
                    <meta:group>all</meta:group>
                    <meta:group>dendrite_group</meta:group>
                </mml:cable>

                <mml:cable id="6" name="Dend_4_Sec">
                    <meta:group>all</meta:group>
                    <meta:group>dendrite_group</meta:group>
                </mml:cable>

                <mml:cable id="7" name="Dend_5_Sec">
                    <meta:group>all</meta:group>
                    <meta:group>dendrite_group</meta:group>
                </mml:cable>

                <mml:cable id="8" name="Dend_6_Sec">
                    <meta:group>all</meta:group>
                    <meta:group>dendrite_group</meta:group>
                </mml:cable>

                <mml:cable id="9" name="Dend_7_Sec">
                    <meta:group>all</meta:group>
                    <meta:group>dendrite_group</meta:group>
                </mml:cable>

                <mml:cable id="10" name="Dend_8_Sec">
                    <meta:group>all</meta:group>
                    <meta:group>dendrite_group</meta:group>
                </mml:cable>

                <mml:cable id="11" name="Dend_9_Sec">
                    <meta:group>all</meta:group>
                    <meta:group>dendrite_group</meta:group>
                </mml:cable>

                <mml:cable id="12" name="Dend_10_Sec">
                    <meta:group>all</meta:group>
                    <meta:group>dendrite_group</meta:group>
                </mml:cable>

                <mml:cable id="13" name="Dend_11_Sec">
                    <meta:group>all</meta:group>
                    <meta:group>dendrite_group</meta:group>
                </mml:cable>

                <mml:cable id="14" name="Dend_12_Sec">
                    <meta:group>all</meta:group>
                    <meta:group>dendrite_group</meta:group>
                </mml:cable>

                <mml:cable id="15" name="Dend_13_Sec">
                    <meta:group>all</meta:group>
                    <meta:group>dendrite_group</meta:group>
                    <meta:group>main_dends</meta:group>
                </mml:cable>

                <mml:cable id="16" name="Dend_14_Sec">
                    <meta:group>all</meta:group>
                    <meta:group>dendrite_group</meta:group>
                    <meta:group>main_dends</meta:group>
                </mml:cable>

                <mml:cable id="17" name="Dend_15_Sec">
                    <meta:group>all</meta:group>
                    <meta:group>dendrite_group</meta:group>
                    <meta:group>main_dends</meta:group>
                </mml:cable>

                <mml:cable id="18" name="Dend_16_Sec">
                    <meta:group>all</meta:group>
                    <meta:group>dendrite_group</meta:group>
                    <meta:group>main_dends</meta:group>
                </mml:cable>

                <mml:cable id="19" name="Dend_17_Sec">
                    <meta:group>all</meta:group>
                    <meta:group>dendrite_group</meta:group>
                    <meta:group>main_dends</meta:group>
                </mml:cable>

                <mml:cable id="20" name="Dend_18_Sec">
                    <meta:group>all</meta:group>
                    <meta:group>dendrite_group</meta:group>
                    <meta:group>main_dends</meta:group>
                </mml:cable>

                <mml:cable id="21" name="Dend_19_Sec">
                    <meta:group>all</meta:group>
                    <meta:group>dendrite_group</meta:group>
                    <meta:group>main_dends</meta:group>
                </mml:cable>

                <mml:cable id="22" name="Dend_20_Sec">
                    <meta:group>all</meta:group>
                    <meta:group>dendrite_group</meta:group>
                    <meta:group>main_dends</meta:group>
                </mml:cable>

                <mml:cable id="23" name="Dend_21_Sec">
                    <meta:group>all</meta:group>
                    <meta:group>dendrite_group</meta:group>
                    <meta:group>main_dends</meta:group>
                </mml:cable>

                <mml:cable id="24" name="Dend_22_Sec">
                    <meta:group>all</meta:group>
                    <meta:group>dendrite_group</meta:group>
                    <meta:group>main_dends</meta:group>
                </mml:cable>

                <mml:cable id="25" name="Dend_23_Sec">
                    <meta:group>all</meta:group>
                    <meta:group>dendrite_group</meta:group>
                    <meta:group>main_dends</meta:group>
                </mml:cable>

                <mml:cable id="26" name="Dend_24_Sec">
                    <meta:group>all</meta:group>
                    <meta:group>dendrite_group</meta:group>
                    <meta:group>main_dends</meta:group>
                </mml:cable>

                <mml:cable id="27" name="Dend_25_Sec">
                    <meta:group>all</meta:group>
                    <meta:group>dendrite_group</meta:group>
                    <meta:group>main_dends</meta:group>
                </mml:cable>

                <mml:cable id="28" name="Dend_26_Sec">
                    <meta:group>all</meta:group>
                    <meta:group>dendrite_group</meta:group>
                    <meta:group>main_dends</meta:group>
                </mml:cable>

                <mml:cable id="29" name="Dend_27_Sec">
                    <meta:group>all</meta:group>
                    <meta:group>dendrite_group</meta:group>
                    <meta:group>main_dends</meta:group>
                </mml:cable>

                <mml:cable id="30" name="Dend_28_Sec">
                    <meta:group>all</meta:group>
                    <meta:group>dendrite_group</meta:group>
                    <meta:group>main_dends</meta:group>
                </mml:cable>

                <mml:cable id="31" name="Dend_29_Sec">
                    <meta:group>all</meta:group>
                    <meta:group>dendrite_group</meta:group>
                    <meta:group>main_dends</meta:group>
                </mml:cable>

                <mml:cable id="32" name="Dend_30_Sec">
                    <meta:group>all</meta:group>
                    <meta:group>dendrite_group</meta:group>
                    <meta:group>main_dends</meta:group>
                </mml:cable>

                <mml:cable id="33" name="Dend_31_Sec">
                    <meta:group>all</meta:group>
                    <meta:group>dendrite_group</meta:group>
                    <meta:group>main_dends</meta:group>
                </mml:cable>

                <mml:cable id="34" name="Dend_32_Sec">
                    <meta:group>all</meta:group>
                    <meta:group>dendrite_group</meta:group>
                    <meta:group>main_dends</meta:group>
                </mml:cable>

                <mml:cable id="35" name="Dend_33_Sec">
                    <meta:group>all</meta:group>
                    <meta:group>dendrite_group</meta:group>
                    <meta:group>main_dends</meta:group>
                </mml:cable>

                <mml:cable id="36" name="Dend_34_Sec">
                    <meta:group>all</meta:group>
                    <meta:group>dendrite_group</meta:group>
                    <meta:group>main_dends</meta:group>
                </mml:cable>

                <mml:cable id="37" name="Dend_35_Sec">
                    <meta:group>all</meta:group>
                    <meta:group>dendrite_group</meta:group>
                    <meta:group>main_dends</meta:group>
                </mml:cable>

                <mml:cable id="38" name="Dend_36_Sec">
                    <meta:group>all</meta:group>
                    <meta:group>dendrite_group</meta:group>
                    <meta:group>main_dends</meta:group>
                </mml:cable>

                <mml:cable id="39" name="Dend_37_Sec">
                    <meta:group>all</meta:group>
                    <meta:group>dendrite_group</meta:group>
                    <meta:group>main_dends</meta:group>
                </mml:cable>

                <mml:cable id="40" name="Dend_38_Sec">
                    <meta:group>all</meta:group>
                    <meta:group>dendrite_group</meta:group>
                    <meta:group>main_dends</meta:group>
                </mml:cable>

                <mml:cable id="41" name="Dend_39_Sec">
                    <meta:group>all</meta:group>
                    <meta:group>dendrite_group</meta:group>
                    <meta:group>main_dends</meta:group>
                </mml:cable>

            </mml:cables>

            <!--Adding the biophysical parameters-->

            <biophysics units="Physiological Units">

                <bio:mechanism name="KConductance" type="Channel Mechanism">
                    <bio:parameter name="gmax" value="36.0">
                        <bio:group>axon_group</bio:group>
                        <bio:group>dendrite_group</bio:group>
                        <bio:group>soma_group</bio:group>
                    </bio:parameter>
                </bio:mechanism>

                <bio:mechanism name="NaConductance" type="Channel Mechanism">
                    <bio:parameter name="gmax" value="120.0">
                        <bio:group>axon_group</bio:group>
                        <bio:group>dendrite_group</bio:group>
                        <bio:group>soma_group</bio:group>
                    </bio:parameter>
                </bio:mechanism>

                <bio:mechanism name="PassiveCond" type="Channel Mechanism" passive_conductance="true">
                    <bio:parameter name="e" value="-54.3">
                        <bio:group>axon_group</bio:group>
                        <bio:group>dendrite_group</bio:group>
                        <bio:group>soma_group</bio:group>
                    </bio:parameter>
                    <bio:parameter name="gmax" value="0.3">
                        <bio:group>axon_group</bio:group>
                        <bio:group>dendrite_group</bio:group>
                        <bio:group>soma_group</bio:group>
                    </bio:parameter>
                </bio:mechanism>
                

                <bio:spec_capacitance>
                    <bio:parameter value="1.0">
                        <bio:group>all</bio:group>
                    </bio:parameter>
                </bio:spec_capacitance>

                <bio:spec_axial_resistance>
                    <bio:parameter value="0.03">
                        <bio:group>all</bio:group>
                    </bio:parameter>
                </bio:spec_axial_resistance>

                <bio:init_memb_potential>
                    <bio:parameter value="-65.0">
                        <bio:group>all</bio:group>
                    </bio:parameter>
                </bio:init_memb_potential></biophysics>

            <connectivity>
                <net:potential_syn_loc synapse_type="GranPurkSyn">
                    <net:group>main_dends</net:group>
                </net:potential_syn_loc>
            </connectivity>

        </cell>
    </cells>
</neuroml>