<?xml version="1.0" encoding="UTF-8"?>
<neuroml xmlns="http://morphml.org/neuroml/schema" xmlns:meta="http://morphml.org/metadata/schema" xmlns:mml="http://morphml.org/morphml/schema" xmlns:bio="http://morphml.org/biophysics/schema" xmlns:cml="http://morphml.org/channelml/schema" xmlns:net="http://morphml.org/networkml/schema" xmlns:xsi="http://www.w3.org/2001/XMLSchema-instance" xsi:schemaLocation="http://morphml.org/neuroml/schema  http://www.neuroml.org/NeuroMLValidator/NeuroMLFiles/Schemata/v1.8.1/Level3/NeuroML_Level3_v1.8.1.xsd" lengthUnits="micron">

    <cells>
        <cell name="LongCell">

            <meta:notes>A Simple cell for testing purposes</meta:notes>

            <mml:segments>

                <mml:segment id="0" name="Soma" cable="0">
                    <mml:proximal x="0.0" y="0.0" z="0.0" diameter="16.0"/>
                    <mml:distal x="0.0" y="0.0" z="0.0" diameter="16.0"/>
                </mml:segment>

                <mml:segment id="5" name="mainAxon" parent="0" cable="1">
                    <mml:proximal x="0.0" y="0.0" z="0.0" diameter="2.0"/>
                    <mml:distal x="-30.0" y="0.0" z="0.0" diameter="2.0"/>
                </mml:segment>

                <mml:segment id="6" name="Segment_2" parent="5" cable="2">
                    <mml:proximal x="-30.0" y="0.0" z="0.0" diameter="2.0"/>
                    <mml:distal x="-60.0" y="0.0" z="0.0" diameter="2.0"/>
                </mml:segment>

                <mml:segment id="7" name="Segment_3" parent="6" cable="3">
                    <mml:proximal x="-60.0" y="0.0" z="0.0" diameter="2.0"/>
                    <mml:distal x="-90.0" y="0.0" z="0.0" diameter="2.0"/>
                </mml:segment>

                <mml:segment id="8" name="Segment_4" parent="7" cable="4">
                    <mml:proximal x="-90.0" y="0.0" z="0.0" diameter="2.0"/>
                    <mml:distal x="-120.0" y="0.0" z="0.0" diameter="2.0"/>
                </mml:segment>

                
            </mml:segments>

            <mml:cables>

                <mml:cable id="0" name="Soma">
                    <meta:group>all</meta:group>
                    <meta:group>soma_group</meta:group>
                </mml:cable>

                <mml:cable id="1" name="mainAxonSec" fract_along_parent="0.5">
                    <meta:group>all</meta:group>
                    <meta:group>axon_group</meta:group>
                </mml:cable>

                <mml:cable id="2" name="Section_2">
                    <meta:group>all</meta:group>
                    <meta:group>axon_group</meta:group>
                </mml:cable>

                <mml:cable id="3" name="Section_3">
                    <meta:group>all</meta:group>
                    <meta:group>axon_group</meta:group>
                </mml:cable>

                <mml:cable id="4" name="Section_4">
                    <meta:group>all</meta:group>
                    <meta:group>axon_group</meta:group>
                    <meta:group>tip</meta:group>
                </mml:cable>

            </mml:cables>

            <!--Adding the biophysical parameters-->

            <biophysics units="Physiological Units">

                <bio:mechanism name="KConductance" type="Channel Mechanism">
                    <bio:parameter name="gmax" value="36.0">
                        <bio:group>all</bio:group>
                    </bio:parameter>
                </bio:mechanism>

                <bio:mechanism name="LeakConductance" type="Channel Mechanism" passive_conductance="true">
                    <bio:parameter name="e" value="-54.3">
                        <bio:group>all</bio:group>
                    </bio:parameter>
                    <bio:parameter name="gmax" value="0.3">
                        <bio:group>all</bio:group>
                    </bio:parameter>
                </bio:mechanism>

                <bio:mechanism name="NaConductance" type="Channel Mechanism">
                    <bio:parameter name="gmax" value="120.0">
                        <bio:group>all</bio:group>
                    </bio:parameter>
                </bio:mechanism>
                

                <bio:spec_capacitance>
                    <bio:parameter value="1.0">
                        <bio:group>all</bio:group>
                    </bio:parameter>
                </bio:spec_capacitance>

                <bio:spec_axial_resistance>
                    <bio:parameter value="0.03">
                        <bio:group>all</bio:group>
                    </bio:parameter>
                </bio:spec_axial_resistance>

                <bio:init_memb_potential>
                    <bio:parameter value="-65.0">
                        <bio:group>all</bio:group>
                    </bio:parameter>
                </bio:init_memb_potential></biophysics>

            <connectivity>
                <net:potential_syn_loc synapse_type="DoubExpSyn">
                    <net:group>all</net:group>
                </net:potential_syn_loc>
            
                <net:potential_syn_loc synapse_type="GapJuncCML">
                    <net:group>tip</net:group>
                </net:potential_syn_loc>
            </connectivity>

        </cell>
    </cells>
</neuroml>