<?xml version="1.0" encoding="UTF-8"?>
<java version="1.6.0_27" class="java.beans.XMLDecoder">

<!-- Note that this XML is specific to the neuroConstruct Java cell object model and not any part of the NeuroML framework -->

 <object class="ucl.physiol.neuroconstruct.cell.Cell">
  <void property="allSegments">
   <void method="add">
    <object class="ucl.physiol.neuroconstruct.cell.Segment">
     <void property="endPointPositionX">
      <float>0.0</float>
     </void>
     <void property="endPointPositionY">
      <float>0.0</float>
     </void>
     <void property="endPointPositionZ">
      <float>0.0</float>
     </void>
     <void property="finiteVolume">
      <boolean>true</boolean>
     </void>
     <void property="radius">
      <float>5.0</float>
     </void>
     <void property="section">
      <object class="ucl.physiol.neuroconstruct.cell.Section">
       <void property="groups">
        <void method="add">
         <string>soma_group</string>
        </void>
       </void>
       <void property="sectionName">
        <string>Soma</string>
       </void>
       <void property="startPointPositionX">
        <float>0.0</float>
       </void>
       <void property="startPointPositionY">
        <float>0.0</float>
       </void>
       <void property="startPointPositionZ">
        <float>0.0</float>
       </void>
       <void property="startRadius">
        <float>5.0</float>
       </void>
      </object>
     </void>
     <void property="segmentId">
      <int>0</int>
     </void>
     <void property="segmentName">
      <string>Soma</string>
     </void>
    </object>
   </void>
  </void>
  <void property="cellDescription">
   <string>An implementation using ChannelML of the Granule cell mode from Maex, R and De Schutter, E. Synchronization of Golgi and Granule Cell Firing in a Detailed Network Model of the Cerebellar Granule Cell Layer, 1998</string>
  </void>
  <void property="chanMechsVsGroups">
   <void method="put">
    <object class="ucl.physiol.neuroconstruct.cell.ChannelMechanism">
     <void property="density">
      <float>9.084216E-9</float>
     </void>
     <void property="name">
      <string>Gran_CaHVA_98</string>
     </void>
    </object>
    <object class="java.util.Vector">
     <void method="add">
      <string>all</string>
     </void>
    </object>
   </void>
   <void method="put">
    <object class="ucl.physiol.neuroconstruct.cell.ChannelMechanism">
     <void property="density">
      <float>3.30033E-10</float>
     </void>
     <void property="name">
      <string>GranPassiveCond</string>
     </void>
    </object>
    <object class="java.util.Vector">
     <void method="add">
      <string>all</string>
     </void>
    </object>
   </void>
  </void>
  <void property="instanceName">
   <string>Granule_98_CaHVA</string>
  </void>
  <void property="ionPropertiesVsGroups">
   <void method="put">
    <object class="ucl.physiol.neuroconstruct.cell.IonProperties">
     <void property="externalConcentration">
      <float>2.4E-18</float>
     </void>
     <void property="internalConcentration">
      <float>7.55E-23</float>
     </void>
     <void property="name">
      <string>ca</string>
     </void>
    </object>
    <object class="java.util.Vector">
     <void method="add">
      <string>all</string>
     </void>
    </object>
   </void>
  </void>
  <void property="specAxResVsGroups">
   <void method="remove">
    <float>300.0</float>
   </void>
   <void method="put">
    <float>1000.0</float>
    <object class="java.util.Vector">
     <void method="add">
      <string>all</string>
     </void>
    </object>
   </void>
  </void>
  <void property="synapsesVsGroups">
   <void method="put">
    <string>MF_AMPA</string>
    <object class="java.util.Vector">
     <void method="add">
      <string>all</string>
     </void>
    </object>
   </void>
   <void method="put">
    <string>NMDA</string>
    <object class="java.util.Vector">
     <void method="add">
      <string>all</string>
     </void>
    </object>
   </void>
   <void method="put">
    <string>AMPA_GranGol</string>
    <object class="java.util.Vector">
     <void method="add">
      <string>all</string>
     </void>
    </object>
   </void>
   <void method="put">
    <string>GABAA</string>
    <object class="java.util.Vector">
     <void method="add">
      <string>all</string>
     </void>
    </object>
   </void>
  </void>
 </object>
</java>
