<?xml version="1.0" encoding="UTF-8"?>
<java version="1.6.0_0" class="java.beans.XMLDecoder">

<!-- Note that this XML is specific to the neuroConstruct Java cell object model and not any part of the NeuroML framework -->

 <object class="ucl.physiol.neuroconstruct.cell.examples.GolgiCell">
  <void property="chanMechsVsGroups">
   <void method="put">
    <object class="ucl.physiol.neuroconstruct.cell.ChannelMechanism">
     <void property="density">
      <float>3.6E-7</float>
     </void>
     <void property="name">
      <string>KConductance</string>
     </void>
    </object>
    <object class="java.util.Vector">
     <void method="add">
      <string>all</string>
     </void>
    </object>
   </void>
   <void method="put">
    <object class="ucl.physiol.neuroconstruct.cell.ChannelMechanism">
     <void property="density">
      <float>3.0E-9</float>
     </void>
     <void property="name">
      <string>PassiveCond</string>
     </void>
    </object>
    <object class="java.util.Vector">
     <void method="add">
      <string>all</string>
     </void>
    </object>
   </void>
   <void method="put">
    <object class="ucl.physiol.neuroconstruct.cell.ChannelMechanism">
     <void property="density">
      <float>1.2E-6</float>
     </void>
     <void property="name">
      <string>NaConductance</string>
     </void>
    </object>
    <object class="java.util.Vector">
     <void method="add">
      <string>all</string>
     </void>
    </object>
   </void>
  </void>
  <void property="synapsesVsGroups">
   <void method="put">
    <string>GranGolgiSyn</string>
    <object class="java.util.Vector">
     <void method="add">
      <string>dend_synapses</string>
     </void>
    </object>
   </void>
  </void>
 </object>
</java>
