<Lems>
    
    <!-- This LEMS file has been generated from PyNN -->
    
    <!-- Specify which component to run -->
    <Target component="Sim_PyNN_NeuroML2_Export"/>

    <!-- Include core NeuroML2 ComponentType definitions -->
    <Include file="Cells.xml"/>
    <Include file="Networks.xml"/>
    <Include file="Simulation.xml"/>
    
    <Include file="PyNN.xml"/>
    <Include file="PyNN_NeuroML2_Export.nml"/>
   
    <Simulation id="Sim_PyNN_NeuroML2_Export" length="500.0ms" step="0.001ms" target="network" seed="12345">  <!-- Note seed: ensures same random numbers used every run -->
        
        <Display id="pop_IF_curr_alpha_v" title="pop_IF_curr_alpha v" timeScale="1ms" xmin="-50.0" xmax="550.0" ymin="-70" ymax="10">
            <Line id="pop_IF_curr_alpha v: cell 42" quantity="pop_IF_curr_alpha/0/IF_curr_alpha_pop_IF_curr_alpha/v" scale="1mV" color="#6f5439" timeScale="1ms"/>
        </Display>
        
        <Display id="pop_IF_curr_exp_v" title="pop_IF_curr_exp v" timeScale="1ms" xmin="-50.0" xmax="550.0" ymin="-70" ymax="10">
            <Line id="pop_IF_curr_exp v: cell 43" quantity="pop_IF_curr_exp/0/IF_curr_exp_pop_IF_curr_exp/v" scale="1mV" color="#037e2b" timeScale="1ms"/>
        </Display>
        
        <Display id="pop_IF_cond_alpha_v" title="pop_IF_cond_alpha v" timeScale="1ms" xmin="-50.0" xmax="550.0" ymin="-70" ymax="10">
            <Line id="pop_IF_cond_alpha v: cell 44" quantity="pop_IF_cond_alpha/0/IF_cond_alpha_pop_IF_cond_alpha/v" scale="1mV" color="#ee4801" timeScale="1ms"/>
        </Display>
        
        <Display id="pop_IF_cond_exp_v" title="pop_IF_cond_exp v" timeScale="1ms" xmin="-50.0" xmax="550.0" ymin="-70" ymax="10">
            <Line id="pop_IF_cond_exp v: cell 45" quantity="pop_IF_cond_exp/0/IF_cond_exp_pop_IF_cond_exp/v" scale="1mV" color="#39a6e4" timeScale="1ms"/>
        </Display>
        
        <Display id="pop_EIF_v" title="pop_EIF v" timeScale="1ms" xmin="-50.0" xmax="550.0" ymin="-70" ymax="10">
            <Line id="pop_EIF v: cell 46" quantity="pop_EIF/0/EIF_cond_exp_isfa_ista_pop_EIF/v" scale="1mV" color="#045b2d" timeScale="1ms"/>
        </Display>
        
        <Display id="pop_HH_cond_exp_v" title="pop_HH_cond_exp v" timeScale="1ms" xmin="-50.0" xmax="550.0" ymin="-70" ymax="10">
            <Line id="pop_HH_cond_exp v: cell 47" quantity="pop_HH_cond_exp/0/HH_cond_exp_pop_HH_cond_exp/v" scale="1mV" color="#cce860" timeScale="1ms"/>
        </Display>
        
        <Display id="pop_post1_v" title="pop_post1 v" timeScale="1ms" xmin="-50.0" xmax="550.0" ymin="-70" ymax="10">
            <Line id="pop_post1 v: cell 48" quantity="pop_post1/0/IF_cond_exp_pop_post1/v" scale="1mV" color="#9ac4ae" timeScale="1ms"/>
        </Display>
        
        <Display id="pop_post2_v" title="pop_post2 v" timeScale="1ms" xmin="-50.0" xmax="550.0" ymin="-70" ymax="10">
            <Line id="pop_post2 v: cell 49" quantity="pop_post2/0/IF_cond_alpha_pop_post2/v" scale="1mV" color="#8152ea" timeScale="1ms"/>
        </Display>
        
        <OutputFile id="OF_pop_IF_curr_alpha_v" fileName="pop_IF_curr_alpha_v.dat">
            <OutputColumn id="pop_IF_curr_alpha_0_IF_curr_alpha_pop_IF_curr_alpha_v" quantity="pop_IF_curr_alpha/0/IF_curr_alpha_pop_IF_curr_alpha/v"/> 
        </OutputFile>
        
        <OutputFile id="OF_pop_IF_curr_exp_v" fileName="pop_IF_curr_exp_v.dat">
            <OutputColumn id="pop_IF_curr_exp_0_IF_curr_exp_pop_IF_curr_exp_v" quantity="pop_IF_curr_exp/0/IF_curr_exp_pop_IF_curr_exp/v"/> 
        </OutputFile>
        
        <OutputFile id="OF_pop_IF_cond_alpha_v" fileName="pop_IF_cond_alpha_v.dat">
            <OutputColumn id="pop_IF_cond_alpha_0_IF_cond_alpha_pop_IF_cond_alpha_v" quantity="pop_IF_cond_alpha/0/IF_cond_alpha_pop_IF_cond_alpha/v"/> 
        </OutputFile>
        
        <OutputFile id="OF_pop_IF_cond_exp_v" fileName="pop_IF_cond_exp_v.dat">
            <OutputColumn id="pop_IF_cond_exp_0_IF_cond_exp_pop_IF_cond_exp_v" quantity="pop_IF_cond_exp/0/IF_cond_exp_pop_IF_cond_exp/v"/> 
        </OutputFile>
        
        <OutputFile id="OF_pop_EIF_v" fileName="pop_EIF_v.dat">
            <OutputColumn id="pop_EIF_0_EIF_cond_exp_isfa_ista_pop_EIF_v" quantity="pop_EIF/0/EIF_cond_exp_isfa_ista_pop_EIF/v"/> 
        </OutputFile>
        
        <OutputFile id="OF_pop_HH_cond_exp_v" fileName="pop_HH_cond_exp_v.dat">
            <OutputColumn id="pop_HH_cond_exp_0_HH_cond_exp_pop_HH_cond_exp_v" quantity="pop_HH_cond_exp/0/HH_cond_exp_pop_HH_cond_exp/v"/> 
        </OutputFile>
        
        <OutputFile id="OF_pop_post1_v" fileName="pop_post1_v.dat">
            <OutputColumn id="pop_post1_0_IF_cond_exp_pop_post1_v" quantity="pop_post1/0/IF_cond_exp_pop_post1/v"/> 
        </OutputFile>
        
        <OutputFile id="OF_pop_post2_v" fileName="pop_post2_v.dat">
            <OutputColumn id="pop_post2_0_IF_cond_alpha_pop_post2_v" quantity="pop_post2/0/IF_cond_alpha_pop_post2/v"/> 
        </OutputFile>
        
    </Simulation>

</Lems>
